customer_id,Property Id,customer_name,Gender,customer_email,price per night,Renewal,stay_duraion,Total Price
1,18,Shel,M,scoen0@free.fr,13,Yes,14,182
2,3,Hymie,M,hhaselden1@cafepress.com,11,Yes,13,143
3,18,Franklin,M,fbeames2@ebay.com,22,Yes,14,308
4,3,Eadmund,M,etynnan3@discuz.net,25,Yes,13,325
5,16,Natalya,M,nedler4@oakley.com,21,Yes,3,63
6,8,Ulises,M,ulorence5@uol.com.br,26,Yes,10,260
7,16,Karoline,M,ksimmance6@taobao.com,23,Yes,1,23
8,14,Devinne,M,dvacher7@jugem.jp,19,Yes,6,114
9,16,Constancia,M,ccastanone8@woothemes.com,30,Yes,2,60
10,1,Delcine,F ,dsmullen9@upenn.edu,14,Yes,11,154
11,14,Howie,M,hpaulacka@amazon.com,16,Yes,6,96
12,9,Kermit,M,khakonssonb@comcast.net,16,Yes,9,144
13,8,Teri,M,ttuveyc@pinterest.com,11,Yes,10,110
14,8,Innis,M,isouthalld@list-manage.com,14,Yes,10,140
15,14,Victor,M,vdacrese@kickstarter.com,19,Yes,7,133
16,18,Annamarie,F ,alawreyf@ibm.com,23,Yes,14,322
17,16,Dierdre,M,deickhoffg@patch.com,20,Yes,4,80
18,7,Harman,F ,hfrichleyh@bing.com,19,Yes,12,228
19,7,Bevan,F ,bbuckelli@soup.io,25,Yes,12,300
20,16,Sandro,M,sfallanchej@cnn.com,17,Yes,2,34
21,8,Sandor,F ,stulkk@baidu.com,29,Yes,10,290
22,18,Storm,M,scarlessol@zdnet.com,23,Yes,14,322
23,16,Holly,M,hneachellm@instagram.com,25,Yes,4,100
24,9,Rozele,M,rgiamellin@wikipedia.org,23,Yes,9,207
25,16,Tann,M,tleteurtreo@biblegateway.com,28,Yes,4,112
26,9,Harriot,M,hsiwardp@google.fr,27,Yes,8,216
27,16,Miner,F ,mdeblasioq@dagondesign.com,15,Yes,3,45
28,16,Madlin,F ,mtedmanr@angelfire.com,29,Yes,4,116
29,8,Barret,F ,bhurcombes@slideshare.net,19,Yes,10,190
30,14,Janith,F ,jlabbt@who.int,23,Yes,6,138
31,14,Gabbie,M,gcrowhurstu@stumbleupon.com,20,Yes,7,140
32,14,Shaine,F ,sarunowiczv@microsoft.com,10,Yes,7,70
33,16,Osgood,M,oqueripelw@furl.net,16,Yes,4,64
34,18,Cherianne,M,csanciasx@biblegateway.com,20,Yes,14,280
35,7,Joycelin,M,jcrinkleyy@jalbum.net,10,Yes,12,120
36,9,Serge,F ,sfolcarelliz@hud.gov,20,Yes,8,160
37,16,Troy,M,tczajkowski10@github.com,22,Yes,5,110
38,16,Shane,M,sterron11@nature.com,15,Yes,3,45
39,18,Clementia,M,cbartolijn12@so-net.ne.jp,18,Yes,14,252
40,16,Emalee,M,emaddin13@wikipedia.org,21,Yes,3,63
41,3,Del,M,dbilyard14@comsenz.com,27,Yes,13,351
42,8,Ferrell,F ,fboughtwood15@geocities.com,16,Yes,10,160
43,8,Babb,F ,bpunt16@ucoz.ru,14,Yes,10,140
44,16,Denyse,M,dwignall17@newsvine.com,28,Yes,5,140
45,18,Sherwood,M,spowdrill18@wikispaces.com,20,Yes,14,280
46,16,Eldin,F ,eenrico19@lulu.com,10,Yes,3,30
47,16,Ina,M,iboswood1a@who.int,28,Yes,5,140
48,9,Lewiss,M,lharmson1b@unicef.org,30,Yes,8,240
49,7,Mariele,M,mgammie1c@alibaba.com,29,Yes,12,348
50,16,Reiko,F ,rhousiaux1d@amazon.com,26,Yes,5,130
51,9,Druci,F ,dmucklestone1e@gov.uk,22,Yes,9,198
52,16,Nils,M,nburchatt1f@blogtalkradio.com,20,Yes,3,60
53,14,Jeannie,F ,jbiskupiak1g@home.pl,14,Yes,6,84
54,8,Kakalina,M,kzeale1h@netlog.com,20,Yes,10,200
55,16,Candace,M,cfreeborne1i@umich.edu,26,Yes,3,78
56,16,Othilia,M,omacginlay1j@google.ru,28,Yes,3,84
57,16,Melanie,M,mshackle1k@abc.net.au,20,Yes,5,100
58,9,Lee,F ,ldragoe1l@yandex.ru,20,Yes,8,160
59,16,Staffard,F ,sbellie1m@ow.ly,19,Yes,5,95
60,14,Brendon,M,blunck1n@zimbio.com,30,Yes,6,180
61,16,Denver,M,deliez1o@yale.edu,26,Yes,1,26
62,8,Walther,M,wspieght1p@ucoz.com,11,Yes,1,11
63,7,Ki,M,krose1q@printfriendly.com,28,Yes,12,336
64,16,Weylin,F ,wfishbourn1r@google.pl,26,Yes,3,78
65,3,Brooke,F ,bmckeurtan1s@goodreads.com,17,Yes,13,221
66,16,Kristopher,M,kbaxstar1t@livejournal.com,29,Yes,5,145
67,16,Manda,M,mlangfitt1u@theatlantic.com,11,Yes,2,22
68,1,Edy,M,etod1v@pen.io,24,Yes,11,264
69,1,Gabbie,M,gwaine1w@woothemes.com,20,Yes,11,220
70,7,Scarlet,M,skindleside1x@patch.com,12,Yes,12,144
71,16,Maude,M,mredwall1y@statcounter.com,18,Yes,2,36
72,16,Carree,M,cgronou1z@pcworld.com,19,Yes,2,38
73,16,Shirlee,M,soculligan20@examiner.com,18,Yes,3,54
74,9,Pavel,M,pmulloch21@bloomberg.com,28,Yes,9,252
75,16,Grove,F ,gcraise22@sakura.ne.jp,12,Yes,2,24
76,7,Marten,M,mfennelow23@csmonitor.com,28,Yes,12,336
77,16,Normy,M,nodowgaine24@japanpost.jp,17,Yes,5,85
78,16,Matthus,M,mdomenicone25@yelp.com,24,Yes,1,24
79,16,Pollyanna,M,psleeman26@unc.edu,23,Yes,3,69
80,9,Seline,M,sduro27@amazon.de,20,Yes,8,160
81,16,Burch,M,bsedgemore28@quantcast.com,26,Yes,4,104
82,7,Flo,F ,fbrett29@gizmodo.com,20,Yes,12,240
83,16,Kaja,F ,kseal2a@howstuffworks.com,15,Yes,3,45
84,9,Kurtis,M,kdrynan2b@google.es,11,Yes,8,88
85,14,Phaidra,M,pleemans2c@fc2.com,10,Yes,7,70
86,14,Joe,F ,jsinisbury2d@hostgator.com,11,Yes,7,77
87,14,Niko,M,nmcfadzean2e@addtoany.com,29,Yes,7,203
88,14,Sim,M,sfawke2f@census.gov,29,Yes,7,203
89,16,Averil,M,ascriven2g@amazon.co.jp,15,Yes,1,15
90,16,Maurita,F ,mprater2h@google.com,10,Yes,5,50
91,16,Reynolds,F ,rdunnet2i@instagram.com,21,Yes,4,84
92,16,Lise,M,lbrayn2j@1688.com,29,Yes,3,87
93,16,Niccolo,M,ntinkler2k@photobucket.com,20,Yes,3,60
94,14,Kordula,M,kpoundesford2l@china.com.cn,27,Yes,6,162
95,16,Conrade,M,cgrizard2m@about.com,18,Yes,5,90
96,3,Isadora,F ,imohamed2n@apple.com,13,Yes,13,169
97,16,Rubia,M,rketts2o@dropbox.com,26,Yes,4,104
98,16,Shanan,M,sbazire2p@smh.com.au,13,Yes,4,52
99,9,Eloise,M,ereschke2q@cornell.edu,25,Yes,9,225
100,8,Pepi,M,psantora2r@barnesandnoble.com,23,Yes,10,230
101,14,Sarette,F ,sredparth2s@washington.edu,12,Yes,6,72
102,9,Sarge,M,sianinotti2t@upenn.edu,21,Yes,8,168
103,8,Cinnamon,M,ccroci2u@hatena.ne.jp,22,Yes,10,220
104,8,Minna,M,mgilffillan2v@hc360.com,13,Yes,10,130
105,16,Vonny,M,vgrennan2w@umich.edu,12,Yes,2,24
106,3,Eveleen,F ,eingleston2x@hugedomains.com,28,Yes,13,364
107,14,Aliza,M,akhosa2y@uol.com.br,12,Yes,6,72
108,1,Doralynne,M,dwaliszek2z@intel.com,18,Yes,11,198
109,8,Keene,M,kgales30@marketwatch.com,21,Yes,10,210
110,14,Hansiain,M,hmcgirl31@squarespace.com,24,Yes,7,168
111,16,Marcy,M,mhand32@pinterest.com,16,Yes,3,48
112,3,Pattie,F ,pmacmearty33@economist.com,23,Yes,13,299
113,9,Chrotoem,M,celvey34@people.com.cn,27,Yes,9,243
114,16,Juliet,M,jfluck35@sun.com,12,Yes,3,36
115,9,Rog,M,rfaughey36@purevolume.com,12,Yes,8,96
116,16,Myron,M,msiddell37@businesswire.com,13,Yes,4,52
117,7,Fielding,M,flinklater38@ebay.co.uk,21,Yes,12,252
118,16,Giorgi,M,ggirodier39@symantec.com,23,Yes,5,115
119,14,Kerwin,M,kamor3a@hexun.com,28,Yes,9,252
120,1,Gillian,F ,gbeange3b@independent.co.uk,25,Yes,11,275
121,7,Whitman,M,wstreatfeild3c@weebly.com,19,Yes,12,228
122,3,Marcellina,M,mrivlin3d@ibm.com,14,Yes,13,182
123,16,Clarisse,M,cyeates3e@bbb.org,17,Yes,1,17
124,4,Corny,M,ckerswill3f@paypal.com,19,Yes,1,19
125,7,Nichole,M,nbulled3g@gravatar.com,25,Yes,12,300
126,14,Allie,M,aolligan3h@comsenz.com,27,Yes,7,189
127,4,Evelyn,M,erossetti3i@fotki.com,14,Yes,2,28
128,4,Leonardo,M,lblazej3j@dedecms.com,28,Yes,3,84
129,17,Terri,F ,tstilliard3k@webs.com,17,Yes,4,68
130,18,Shaylah,F ,slettuce3l@devhub.com,25,Yes,14,350
131,18,Aloysia,M,abreadon3m@hibu.com,12,Yes,14,168
132,4,Heath,F ,hpancost3n@bbb.org,24,Yes,5,120
133,17,Mata,F ,mbrandsma3o@europa.eu,12,Yes,4,48
134,3,Early,M,eweddeburn3p@imgur.com,29,Yes,13,377
135,14,Jaimie,F ,jkilmary3q@oakley.com,15,Yes,6,90
136,1,Johnathon,M,jdods3r@oracle.com,16,Yes,11,176
137,7,Berte,M,bbeveredge3s@hostgator.com,20,Yes,12,240
138,4,Elspeth,M,eheistermann3t@surveymonkey.com,28,Yes,3,84
139,3,Erl,M,esokale3u@uol.com.br,17,Yes,13,221
140,1,Thalia,M,tsurfleet3v@privacy.gov.au,28,Yes,11,308
141,4,Manya,F ,mmantrup3w@wiley.com,20,Yes,5,100
142,4,Vanya,M,vsnalum3x@baidu.com,25,Yes,1,25
143,17,Brigit,M,bvannikov3y@pbs.org,11,Yes,4,44
144,9,Kris,M,kgoch3z@studiopress.com,28,Yes,8,224
145,9,Uri,M,ugillogley40@vinaora.com,14,Yes,8,112
146,14,Alli,F ,acarnier41@about.com,12,Yes,7,84
147,7,Giles,F ,gsutherden42@springer.com,21,Yes,12,252
148,3,Caitrin,F ,cnossent43@cnn.com,24,Yes,13,312
149,14,Mariejeanne,M,mmonday44@blog.com,12,Yes,7,84
150,4,Louis,M,lriatt45@bluehost.com,28,Yes,4,112
151,4,Daloris,M,dshropshire46@craigslist.org,12,Yes,5,60
152,3,Vilhelmina,M,vmccaskill47@acquirethisname.com,25,Yes,13,325
153,4,Alic,M,astiegars48@sciencedirect.com,22,Yes,1,22
154,8,Ameline,M,asymonds49@delicious.com,30,Yes,10,300
155,14,Elisabetta,M,ematys4a@feedburner.com,10,Yes,7,70
156,17,Manuel,M,mrapport4b@vimeo.com,21,Yes,4,84
157,9,Raul,F ,ryouhill4c@symantec.com,30,Yes,11,330
158,4,Yance,F ,ysooley4d@google.fr,29,Yes,13,377
159,8,Gaylor,M,gluckman4e@ucoz.ru,26,Yes,10,260
160,1,Christina,M,cpinnegar4f@1und1.de,29,Yes,11,319
161,14,Guinna,F ,grubinow4g@cornell.edu,10,Yes,6,60
162,7,Aristotle,M,amiquelet4h@bloglines.com,25,Yes,12,300
163,4,Adrian,M,adeath4i@cornell.edu,23,Yes,1,23
164,7,Broddie,M,bsutch4j@lycos.com,19,Yes,7,133
165,3,Nichol,F ,ncrippill4k@acquirethisname.com,17,Yes,13,221
166,4,Andonis,M,aanscombe4l@google.de,30,Yes,5,150
167,4,Adrianne,F ,aledur4m@thetimes.co.uk,24,Yes,1,24
168,1,Kelcie,M,kwadelin4n@foxnews.com,28,Yes,11,308
169,4,Cammie,M,cetuck4o@un.org,15,Yes,4,60
170,14,Eldredge,M,edennerley4p@is.gd,27,Yes,6,162
171,7,Beverley,F ,bogborn4q@engadget.com,26,Yes,12,312
172,4,Rem,M,rcollelton4r@youku.com,14,Yes,3,42
173,7,Cort,M,cayrs4s@1und1.de,14,Yes,12,168
174,14,Reyna,M,rrohlfing4t@paginegialle.it,30,Yes,6,180
175,4,Klarika,M,kmazin4u@dell.com,24,Yes,1,24
176,14,Luce,M,lphilps4v@wsj.com,30,Yes,9,270
177,1,Kristoforo,M,kmcgeaney4w@photobucket.com,14,Yes,11,154
178,14,Web,M,wbrennen4x@oracle.com,15,Yes,7,105
179,4,Veda,M,vhaszard4y@lulu.com,21,Yes,2,42
180,4,Pearline,M,phutcheson4z@networkadvertising.org,20,Yes,1,20
181,9,Sergent,M,srushmer50@nationalgeographic.com,10,Yes,9,90
182,3,Stephanus,M,sfarnall51@macromedia.com,28,Yes,13,364
183,8,Catha,M,cscutter52@myspace.com,10,Yes,10,100
184,3,Haily,M,hcorey53@gravatar.com,24,Yes,13,312
185,5,Anatole,F ,abiffin54@theguardian.com,15,Yes,2,30
186,5,Lothaire,M,lmatiasek55@prlog.org,16,Yes,1,16
187,7,Ailbert,M,abointon56@phpbb.com,12,Yes,12,144
188,9,Jone,M,jbester57@ca.gov,17,Yes,8,136
189,9,Cyril,M,ccreamen58@dedecms.com,13,Yes,9,117
190,7,Hildy,M,hleeman59@nhs.uk,29,Yes,5,145
191,1,Micaela,M,mferagh5a@kickstarter.com,20,Yes,11,220
192,8,Rube,M,rcorlett5b@mozilla.com,15,Yes,10,150
193,5,Hermione,M,hbridie5c@simplemachines.org,28,Yes,4,112
194,18,Rochell,F ,rheilds5d@seesaa.net,12,Yes,14,168
195,18,Darill,M,dsacks5e@hubpages.com,28,Yes,14,392
196,8,Ulberto,M,uarrington5f@omniture.com,23,Yes,10,230
197,5,Meredithe,F ,mkave5g@nba.com,26,Yes,5,130
198,14,Teddy,M,tmacaless5h@51.la,10,Yes,7,70
199,18,Barde,M,bcamamill5i@bloglovin.com,20,Yes,14,280
200,5,Renaldo,M,rlaughton5j@wikimedia.org,22,Yes,12,264
201,5,Adolph,M,aroger5k@wikispaces.com,26,Yes,1,26
202,14,Eldridge,F ,ebailey5l@kickstarter.com,27,Yes,6,162
203,5,Tierney,F ,tshafe5m@google.ru,10,Yes,4,40
204,5,Rabi,M,rferrone5n@woothemes.com,19,Yes,5,95
205,9,Sabrina,M,smcnickle5o@artisteer.com,10,Yes,9,90
206,8,Kale,M,kjaumet5p@trellian.com,17,Yes,10,170
207,3,Isak,M,ihaggith5q@spiegel.de,27,Yes,13,351
208,18,Curtis,M,calders5r@indiegogo.com,28,Yes,13,364
209,5,Sybila,M,smacey5s@umich.edu,21,Yes,5,105
210,5,Casi,F ,cborgnol5t@ibm.com,25,Yes,3,75
211,8,Ediva,F ,egoldwater5u@miitbeian.gov.cn,17,Yes,9,153
212,14,Noe,F ,nmaccaughey5v@issuu.com,16,Yes,6,96
213,8,Nicol,M,nmacaless5w@furl.net,25,Yes,10,250
214,9,Garv,M,gczapla5x@twitpic.com,14,Yes,8,112
215,18,Beverlee,M,bdubique5y@dedecms.com,11,Yes,14,154
216,9,Rozalie,M,ritzig5z@ucla.edu,11,Yes,8,88
217,7,Carena,M,cast60@gravatar.com,22,Yes,12,264
218,9,Abrahan,M,ahenden61@slate.com,18,Yes,12,216
219,8,Leif,F ,lscothron62@printfriendly.com,15,Yes,9,135
220,5,Fitzgerald,M,flangford63@tiny.cc,14,Yes,10,140
221,18,Heinrick,F ,hpacey64@arstechnica.com,28,Yes,14,392
222,5,Waverly,F ,wpiner65@sphinn.com,17,Yes,5,85
223,5,Carissa,M,cbullan66@digg.com,24,Yes,1,24
224,14,Ram,M,rcleve67@wordpress.org,29,Yes,6,174
225,7,Darin,M,dlogsdale68@scientificamerican.com,19,Yes,12,228
226,1,Daffie,M,dwehnerr69@auda.org.au,23,Yes,11,253
227,7,Jinny,M,jgirardengo6a@newsvine.com,14,Yes,12,168
228,8,Sheffie,M,skareman6b@t.co,27,Yes,10,270
229,3,Mahalia,M,mrowney6c@boston.com,15,Yes,13,195
230,1,Ulick,F ,ukrout6d@nifty.com,14,Yes,11,154
231,1,Cymbre,M,cguppy6e@cafepress.com,26,Yes,11,286
232,5,Toinette,M,tocleary6f@mit.edu,12,Yes,2,24
233,3,Tobye,M,tkibblewhite6g@spiegel.de,22,Yes,13,286
234,1,Tamma,M,ttilburn6h@yahoo.com,27,Yes,11,297
235,14,Laurel,M,lrodear6i@mlb.com,15,Yes,6,90
236,18,Darcie,F ,dwhistlecraft6j@upenn.edu,21,Yes,14,294
237,7,Ive,F ,imobley6k@xing.com,24,Yes,12,288
238,5,Gamaliel,M,grishbrook6l@blogtalkradio.com,18,Yes,5,90
239,7,Rustin,F ,rdudderidge6m@harvard.edu,13,Yes,12,156
240,14,Tyrus,M,tparish6n@skyrock.com,26,Yes,6,156
241,1,Lindsey,F ,lhelsdon6o@moonfruit.com,21,Yes,11,231
242,5,Nani,M,npoel6p@bandcamp.com,11,Yes,12,132
243,5,Oates,F ,opristnor6q@livejournal.com,28,Yes,2,56
244,14,Sargent,M,sdies6r@wordpress.org,28,Yes,7,196
245,5,Genia,M,ggaunt6s@huffingtonpost.com,21,Yes,4,84
246,18,Rustie,M,rwhiskerd6t@smh.com.au,30,Yes,14,420
247,18,Lanette,F ,lextal6u@youku.com,21,Yes,14,294
248,8,Priscella,F ,pholbarrow6v@mayoclinic.com,24,Yes,10,240
249,18,Roxine,F ,rkrzysztofiak6w@cnn.com,28,Yes,14,392
250,5,Edita,M,edugdale6x@slashdot.org,22,Yes,1,22
251,9,Ethelred,F ,elafflin6y@tinypic.com,15,Yes,8,120
252,5,Simone,M,sepps6z@artisteer.com,13,Yes,5,65
253,9,Con,F ,clittler70@tamu.edu,12,Yes,8,96
254,14,Adella,M,awalklott71@nasa.gov,29,Yes,6,174
255,3,Craggie,M,ccadore72@yolasite.com,17,Yes,13,221
256,9,Querida,F ,qklesl73@meetup.com,19,Yes,9,171
257,9,Joshuah,M,jhiorn74@samsung.com,24,Yes,9,216
258,14,Odelle,M,ocadney75@networksolutions.com,28,Yes,7,196
259,5,Nady,M,ncoulbeck76@ocn.ne.jp,28,Yes,1,28
260,14,Cordey,F ,csellan77@mozilla.org,28,Yes,13,364
261,5,Leontyne,M,lhaacker78@godaddy.com,15,Yes,2,30
262,14,Eve,F ,estirley79@ow.ly,10,Yes,7,70
263,5,Emmit,F ,emostyn7a@behance.net,17,Yes,3,51
264,14,Brandice,M,bbartleet7b@pinterest.com,29,Yes,7,203
265,5,Vittoria,M,vcrummy7c@xrea.com,22,Yes,14,308
266,5,Violetta,F ,vorneblow7d@qq.com,20,Yes,4,80
267,7,Adelina,M,adeason7e@ted.com,21,Yes,12,252
268,1,Immanuel,M,ileeuwerink7f@rediff.com,16,Yes,2,32
269,5,Daniele,M,drudgley7g@forbes.com,23,Yes,4,92
270,9,Kelwin,F ,kflowerden7h@amazon.de,11,Yes,9,99
271,9,Leeland,M,ltaylder7i@biglobe.ne.jp,17,Yes,8,136
272,5,Bealle,M,bsimonard7j@feedburner.com,10,Yes,5,50
273,18,Abagael,M,aoldis7k@joomla.org,17,Yes,14,238
274,9,Agatha,M,afydoe7l@ebay.com,12,Yes,9,108
275,8,Lois,M,lcrouch7m@trellian.com,14,Yes,10,140
276,5,Newton,M,nmatthis7n@csmonitor.com,27,Yes,1,27
277,7,Mendy,M,mmaletratt7o@shinystat.com,20,Yes,12,240
278,14,Eleanora,M,eatack7p@myspace.com,26,Yes,4,104
279,5,Teresina,M,tmccurry7q@zimbio.com,28,Yes,3,84
280,9,Demetri,M,dsteenson7r@hexun.com,26,Yes,8,208
281,14,Lexy,M,lhorry7s@nbcnews.com,25,Yes,7,175
282,5,Dorie,M,dgorner7t@yandex.ru,13,Yes,3,39
283,5,Rolfe,F ,rmesnard7u@answers.com,10,Yes,2,20
284,5,Akim,M,afelton7v@nationalgeographic.com,16,Yes,5,80
285,5,Nariko,M,nrestieaux7w@about.com,22,Yes,3,66
286,6,Lydie,M,lfreemantle7x@simplemachines.org,11,Yes,3,33
287,8,Symon,M,schilley7y@sphinn.com,30,Yes,10,300
288,9,Eirena,M,ebirch7z@dedecms.com,28,Yes,9,252
289,6,Gardiner,M,gremmers80@economist.com,15,Yes,5,75
290,14,Edithe,F ,eabercromby81@t.co,26,Yes,7,182
291,6,Claresta,M,csantus82@shutterfly.com,28,Yes,2,56
292,9,Dot,M,djewer83@miitbeian.gov.cn,20,Yes,9,180
293,3,Hillel,M,hgerlack84@nsw.gov.au,23,Yes,13,299
294,1,Jamison,M,jtrundle85@a8.net,30,Yes,11,330
295,6,Harriett,F ,hfarington86@usatoday.com,14,Yes,4,56
296,14,Mathilde,F ,mmeininking87@ed.gov,23,Yes,7,161
297,6,Bronnie,M,blawes88@ihg.com,17,Yes,4,68
298,9,Valentine,F ,vdymidowski89@multiply.com,20,Yes,4,80
299,6,Patricio,F ,pseydlitz8a@europa.eu,13,Yes,4,52
300,9,Meggi,M,mramshaw8b@shareasale.com,24,Yes,9,216
301,9,Ulysses,M,uhawgood8c@simplemachines.org,17,Yes,9,153
302,6,Kit,F ,konians8d@bloglovin.com,25,Yes,2,50
303,6,Alonso,F ,atipton8e@netscape.com,21,Yes,3,63
304,6,Valery,M,vwormald8f@nsw.gov.au,10,Yes,1,10
305,9,Peterus,M,pzanussii8g@admin.ch,23,Yes,8,184
306,6,Paulie,M,ppykett8h@livejournal.com,25,Yes,4,100
307,6,Tripp,F ,tcroley8i@sphinn.com,12,Yes,2,24
308,14,Eustace,F ,ekimbrey8j@reddit.com,14,Yes,7,98
309,6,Angus,M,arash8k@ted.com,23,Yes,5,115
310,9,Jayne,M,jmakepeace8l@army.mil,17,Yes,9,153
311,14,Kaitlyn,M,kendacott8m@networksolutions.com,20,Yes,6,120
312,6,Cynthea,F ,churne8n@alibaba.com,14,Yes,5,70
313,18,Letta,M,lfutcher8o@usa.gov,24,Yes,14,336
314,7,Clarine,M,ccordaroy8p@cbslocal.com,16,Yes,12,192
315,1,Lauritz,M,landrivel8q@thetimes.co.uk,20,Yes,11,220
316,14,Kym,F ,kbavidge8r@live.com,26,Yes,4,104
317,6,Conrade,M,cmacgraith8s@nbcnews.com,29,Yes,5,145
318,6,Kenon,M,kmccrie8t@wired.com,13,Yes,3,39
319,14,Ginelle,F ,gscottini8u@gnu.org,25,Yes,7,175
320,6,Johna,F ,jcosslett8v@mashable.com,28,Yes,2,56
321,6,Lydie,M,llinster8w@lycos.com,11,Yes,1,11
322,7,Theodore,F ,tace8x@tiny.cc,12,Yes,12,144
323,8,Wilek,M,wdudenie8y@nasa.gov,15,Yes,5,75
324,6,Fidela,M,fstpierre8z@yandex.ru,19,Yes,3,57
325,14,Loralie,M,lmarte90@weather.com,24,Yes,7,168
326,6,Martha,F ,mmainston91@geocities.jp,10,Yes,1,10
327,1,Marley,M,mgrishelyov92@buzzfeed.com,27,Yes,11,297
328,14,Lewiss,M,lmowett93@imageshack.us,15,Yes,7,105
329,3,Louise,M,ldibling94@google.co.uk,22,Yes,13,286
330,6,Faydra,M,fsherrum95@ox.ac.uk,23,Yes,1,23
331,7,Mame,M,mdonaghy96@smugmug.com,27,Yes,12,324
332,6,Cordell,M,coakly97@constantcontact.com,17,Yes,2,34
333,6,Errol,F ,ecreyke98@huffingtonpost.com,30,Yes,3,90
334,9,Lenee,M,lmainland99@1und1.de,25,Yes,8,200
335,9,Roscoe,M,rbirtwistle9a@comsenz.com,30,Yes,8,240
336,1,Sukey,M,sboase9b@tiny.cc,26,Yes,5,130
337,6,Conrad,F ,cquadling9c@adobe.com,26,Yes,5,130
338,14,Bamby,M,bfilkov9d@businessweek.com,11,Yes,6,66
339,9,Caril,M,cjeacock9e@cpanel.net,14,Yes,9,126
340,6,Nerta,M,nsigsworth9f@weebly.com,10,Yes,5,50
341,1,Garvey,M,gberrigan9g@bing.com,19,Yes,11,209
342,7,Camila,M,cangel9h@accuweather.com,25,Yes,12,300
343,3,Dorrie,M,dklees9i@mail.ru,14,Yes,13,182
344,9,Mackenzie,M,mlonie9j@hexun.com,20,Yes,8,160
345,14,Fayette,F ,fbloggett9k@twitter.com,13,Yes,6,78
346,6,Kip,M,knorvel9l@paypal.com,30,Yes,2,60
347,1,Dulce,M,dgrindrod9m@ifeng.com,26,Yes,12,312
348,6,Darleen,M,djoselevitz9n@nih.gov,25,Yes,2,50
349,7,Nadine,M,ngunn9o@gizmodo.com,19,Yes,12,228
350,8,Edlin,M,eerrol9p@printfriendly.com,29,Yes,10,290
351,6,Barbara-anne,F ,bbog9q@over-blog.com,20,Yes,4,80
352,18,Doll,M,dashingden9r@pen.io,28,Yes,14,392
353,18,Liv,F ,lcogle9s@earthlink.net,10,Yes,14,140
354,6,Mathilde,M,mnorcutt9t@tripadvisor.com,24,Yes,1,24
355,6,Blondell,M,bdraxford9u@infoseek.co.jp,18,Yes,2,36
356,9,Mozelle,M,mbromehed9v@wikispaces.com,24,Yes,14,336
357,8,Cris,M,cperone9w@purevolume.com,25,Yes,10,250
358,14,Nicky,M,nopfer9x@opera.com,16,Yes,6,96
359,7,Giffie,M,groot9y@digg.com,11,Yes,10,110
360,9,Steve,M,seicheler9z@paginegialle.it,30,Yes,8,240
361,3,Ardelia,F ,aboynesa0@opera.com,25,Yes,13,325
362,18,Betsy,M,bwaitha1@skyrock.com,11,Yes,5,55
363,14,Diarmid,M,dvilesa2@bizjournals.com,28,Yes,6,168
364,9,Norene,M,nchessera3@last.fm,20,Yes,9,180
365,8,Rupert,M,rrubia4@netvibes.com,21,Yes,10,210
366,18,Aguste,M,amarriagea5@dagondesign.com,11,Yes,14,154
367,18,Frankie,M,fhannabya6@engadget.com,28,Yes,5,140
368,9,Hildegaard,M,hdrawmera7@indiegogo.com,30,Yes,6,180
369,3,Shem,M,stathacotta8@mtv.com,10,Yes,13,130
370,8,Brockie,M,binesona9@sourceforge.net,28,Yes,10,280
371,3,Zackariah,M,zlotheringtonaa@sogou.com,23,Yes,13,299
372,3,Brok,F ,btoombesab@gravatar.com,27,Yes,13,351
373,1,Dorian,F ,dashurstac@printfriendly.com,24,Yes,3,72
374,14,Shauna,F ,ssperingad@reverbnation.com,24,Yes,6,144
375,18,Curt,F ,cguideraae@soundcloud.com,28,Yes,14,392
376,8,Shay,M,seathertonaf@blogger.com,21,Yes,10,210
377,18,Dorthy,F ,djacobbeag@census.gov,18,Yes,14,252
378,9,Veronika,M,vbourthouloumeah@bloomberg.com,16,Yes,1,16
379,7,Celesta,F ,ccorteneyai@telegraph.co.uk,29,Yes,12,348
380,14,Ian,M,ibataliniaj@w3.org,15,Yes,7,105
381,18,Seumas,M,srheamak@hc360.com,19,Yes,3,57
382,18,Roman,M,rgutersonal@flickr.com,15,Yes,14,210
383,14,Liz,F ,lelsmeream@bbc.co.uk,22,Yes,7,154
384,14,Nancee,M,nkensallan@facebook.com,20,Yes,6,120
385,1,Torre,M,tdelicateao@prnewswire.com,13,Yes,11,143
386,8,Lila,M,lmacdiarmidap@goo.ne.jp,20,Yes,10,200
387,14,Ulysses,F ,uwalfordaq@reference.com,29,Yes,6,174
388,3,Jobie,M,jcrichmerar@google.nl,11,Yes,13,143
389,3,Jerrie,M,jaldertonas@cdbaby.com,14,Yes,6,84
390,14,Carrol,F ,cathersmithat@ifeng.com,18,Yes,6,108
391,18,Kass,M,kcookseyau@army.mil,12,Yes,13,156
392,9,Jim,M,jbleasbyav@cargocollective.com,13,Yes,9,117
393,14,Francisca,M,fmenendezaw@php.net,29,Yes,6,174
394,18,Brew,F ,bdafyddax@acquirethisname.com,19,Yes,5,95
395,7,Emilia,M,equibellay@nytimes.com,12,Yes,12,144
396,1,Rosemary,M,rtrussleraz@vimeo.com,18,Yes,11,198
397,18,Brana,M,banniceb0@hhs.gov,22,Yes,3,66
398,18,Kaleena,M,kstonebanksb1@state.gov,20,Yes,3,60
399,8,Marissa,M,mriochb2@google.pl,12,Yes,10,120
400,14,Derk,M,ddelgadillob3@shutterfly.com,21,Yes,7,147
401,8,Nanice,F ,nbochb4@nytimes.com,20,Yes,10,200
402,18,Ibbie,M,ilegallob5@nih.gov,22,Yes,3,66
403,9,Keri,M,kgayb6@liveinternet.ru,30,Yes,8,240
404,18,Rubia,M,rsilversmidb7@desdev.cn,30,Yes,2,60
405,18,Wynny,M,wrounceb8@intel.com,16,Yes,1,16
406,9,King,M,khabishawb9@histats.com,27,Yes,9,243
407,18,Alessandro,M,apashanba@stumbleupon.com,21,Yes,14,294
408,18,Wilmette,M,wellesmerebb@altervista.org,21,Yes,14,294
409,18,Harrie,F ,hrevenbc@zdnet.com,19,Yes,1,19
410,18,Millisent,M,medgesonbd@is.gd,13,Yes,14,182
411,18,Karlis,M,ksorelbe@sphinn.com,23,Yes,2,46
412,15,Marthe,M,mcoumbebf@phoca.cz,28,Yes,8,224
413,1,Ariela,F ,agaufordbg@cafepress.com,28,Yes,11,308
414,1,Giff,F ,gpaulerbh@tmall.com,19,Yes,11,209
415,18,Truda,M,tmellingsbi@oracle.com,22,Yes,2,44
416,18,Nicola,M,nurianbj@patch.com,22,Yes,2,44
417,18,Modestine,F ,mcronbk@wsj.com,26,Yes,4,104
418,8,Rodolphe,M,rokeshottbl@facebook.com,12,Yes,10,120
419,18,Kimberlee,F ,kroneybm@odnoklassniki.ru,26,Yes,11,286
420,18,Coraline,M,cmildenhallbn@joomla.org,11,Yes,5,55
421,14,Danya,M,dmccafferkybo@cam.ac.uk,15,Yes,6,90
422,18,Hilton,M,hbuchebp@loc.gov,20,Yes,5,100
423,14,Grover,M,gchallenorbq@arizona.edu,15,Yes,7,105
424,14,Jasper,M,jreddiebr@columbia.edu,24,Yes,6,144
425,1,Trip,M,tpenniallbs@reverbnation.com,30,Yes,11,330
426,18,Lazaro,M,lnanglebt@csmonitor.com,17,Yes,14,238
427,14,Pru,F ,ppietrowskibu@state.gov,14,Yes,12,168
428,18,Janelle,M,jgoodredgebv@cloudflare.com,26,Yes,4,104
429,15,Blanca,M,bleggatebw@example.com,30,Yes,9,270
430,1,Neille,M,nwraightebx@usgs.gov,29,Yes,11,319
431,8,Kirk,M,kblasikby@dailymail.co.uk,30,Yes,10,300
432,8,Vernen,F ,vmarkebz@icq.com,13,Yes,10,130
433,18,Kamilah,F ,krosinc0@mapy.cz,17,Yes,4,68
434,18,Devland,M,dstorrierc1@jigsy.com,13,Yes,4,52
435,3,Leonie,F ,lprendivillec2@blogtalkradio.com,10,Yes,13,130
436,8,Mariellen,M,mshoulderc3@discovery.com,18,Yes,10,180
437,18,Sidonnie,M,sbickerstaffc4@yahoo.com,23,Yes,1,23
438,3,Erastus,F ,eroddanc5@un.org,26,Yes,13,338
439,14,Valaria,M,vweldc6@cbslocal.com,20,Yes,6,120
440,18,Thacher,M,tlatec7@gmpg.org,27,Yes,4,108
441,18,Cati,F ,cfosterc8@mashable.com,22,Yes,14,308
442,15,Demetre,M,dodoranc9@usatoday.com,28,Yes,9,252
443,14,Perri,M,phorribineca@nationalgeographic.com,18,Yes,7,126
444,14,Shelden,M,skellettcb@adobe.com,30,Yes,7,210
445,18,Lemmie,M,lbarnishcc@google.ca,22,Yes,5,110
446,18,Gabbie,M,gmaultcd@opera.com,11,Yes,5,55
447,14,Josie,F ,jollisce@edublogs.org,16,Yes,6,96
448,18,Al,F ,apenwellcf@google.co.jp,10,Yes,5,50
449,14,Sanderson,F ,sjaycockcg@senate.gov,26,Yes,6,156
450,18,Jobyna,M,jwermerlingch@51.la,12,Yes,14,168
451,14,Glory,M,gdarnbrookci@woothemes.com,11,Yes,7,77
452,7,Jolynn,M,jlempertzcj@google.de,12,Yes,12,144
453,3,Sybil,F ,soffack@census.gov,27,Yes,13,351
454,18,Kingsly,F ,kpavolillocl@google.com,16,Yes,2,32
455,10,Val,M,vsamwellcm@si.edu,26,Yes,6,156
456,11,Arron,M,amaincn@unc.edu,12,Yes,13,156
457,12,Tommi,M,tgrundellco@umn.edu,25,Yes,9,225
458,13,Mark,M,mrubbertcp@wisc.edu,23,Yes,1,23
459,7,Giacopo,M,gomolancq@myspace.com,14,Yes,12,168
460,3,Moyna,M,mraggcr@friendfeed.com,23,Yes,13,299
461,18,Janetta,F ,jmartinetcs@irs.gov,11,Yes,4,44
462,1,Ricard,F ,rmorelandct@springer.com,15,Yes,11,165
463,18,Leicester,M,ldemaidcu@chron.com,21,Yes,11,231
464,15,Dian,M,dvautreycv@yahoo.co.jp,28,Yes,9,252
465,8,Willetta,M,wkettlesingcw@delicious.com,18,Yes,10,180
466,10,Herbie,M,hduffcx@cargocollective.com,20,Yes,7,140
467,11,Humfrid,F ,habbyscy@forbes.com,30,Yes,4,120
468,12,Belle,M,beskellcz@tripod.com,15,Yes,5,75
469,10,Jaye,M,jsommertond0@comcast.net,16,Yes,6,96
470,11,Rhea,M,rstillgoed1@symantec.com,12,Yes,3,36
471,12,Eduardo,M,ebassinghamd2@icio.us,28,Yes,9,252
472,13,Krissy,M,kcasleyd3@etsy.com,23,Yes,9,207
473,10,Jordon,F ,jwisdend4@example.com,25,Yes,7,175
474,11,Gerek,M,graddenburyd5@craigslist.org,17,Yes,9,153
475,12,Deloris,F ,dsloyand6@chicagotribune.com,20,Yes,8,160
476,13,Marci,F ,mskerrettd7@is.gd,27,Yes,1,27
477,1,Jules,F ,jcordesd8@cpanel.net,23,Yes,11,253
478,1,Larine,M,lrewcasselld9@dedecms.com,17,Yes,11,187
479,18,Horatia,F ,hfarringtonda@ox.ac.uk,30,Yes,4,120
480,15,Lou,M,lwalkowskidb@ucsd.edu,27,Yes,9,243
481,18,Charmian,M,cquodlingdc@surveymonkey.com,25,Yes,11,275
482,18,Base,M,bchazettedd@salon.com,15,Yes,2,30
483,18,Devonna,F ,dcondyde@washingtonpost.com,24,Yes,14,336
484,7,Milo,M,meastmandf@nba.com,18,Yes,12,216
485,11,Leighton,M,lfisbydg@fc2.com,26,Yes,6,156
486,1,Cristiano,M,cjeeksdh@a8.net,26,Yes,11,286
487,3,Jacky,M,jmacgaughydi@bbc.co.uk,11,Yes,13,143
488,1,Karmen,M,kcharlesworthdj@fda.gov,21,Yes,11,231
489,18,Essy,M,emeddingsdk@amazon.com,30,Yes,5,150
490,3,Berte,M,btrencherdl@stumbleupon.com,29,Yes,13,377
491,7,Isak,M,igillettdm@vkontakte.ru,25,Yes,12,300
492,15,Andriana,M,aiacavonedn@foxnews.com,26,Yes,9,234
493,1,Dare,M,dlardeurdo@globo.com,19,Yes,3,57
494,1,Archibaldo,M,aharkusdp@nih.gov,30,Yes,1,30
495,3,Innis,M,icornierdq@51.la,21,Yes,5,105
496,8,Wilburt,M,wradloffdr@mashable.com,16,Yes,10,160
497,15,Legra,M,lpetruskads@cbsnews.com,24,Yes,8,192
498,8,La verne,F ,lbispdt@furl.net,11,Yes,3,33
499,1,Filippa,M,fnixdu@cloudflare.com,21,Yes,7,147
500,7,Gill,F ,gkolodziejskidv@yolasite.com,27,Yes,12,324
501,1,Aridatha,M,acharnleydw@opensource.org,26,Yes,7,182
502,1,Dionne,M,davesdx@multiply.com,16,Yes,5,80
503,15,Sharlene,M,spermaindy@youku.com,18,Yes,8,144
504,15,Vanna,F ,vgisburnedz@sfgate.com,14,Yes,8,112
505,1,Roderick,M,rlovelacee0@unc.edu,16,Yes,11,176
506,18,Willyt,M,wpetraccie1@liveinternet.ru,16,Yes,14,224
507,3,Fredrika,M,fschwandermanne2@wired.com,10,Yes,13,130
508,1,Vitia,M,vdunbobbine3@cyberchimps.com,19,Yes,2,38
509,18,Ursala,F ,ufelminghame4@narod.ru,19,Yes,14,266
510,15,Dolli,F ,drockinghame5@stanford.edu,25,Yes,9,225
511,1,Ruy,M,rpithcocke6@google.pl,25,Yes,14,350
512,8,Saloma,M,swebbe7@bbc.co.uk,29,Yes,10,290
513,1,Jeanne,F ,jferree8@archive.org,16,Yes,11,176
514,15,Bear,M,bcruddase9@about.me,29,Yes,9,261
515,1,Cesare,M,cguerinea@mozilla.org,26,Yes,2,52
516,1,Dasya,F ,dpentineb@arizona.edu,10,Yes,6,60
517,1,Brant,F ,blewisec@tamu.edu,22,Yes,11,242
518,1,Jayme,M,jhoneyghaned@theguardian.com,20,Yes,3,60
519,1,Gib,M,ghastwellee@hostgator.com,12,Yes,4,48
520,3,Adrianne,M,awigzellef@jalbum.net,14,Yes,12,168
521,11,Cristobal,F ,crameg@myspace.com,27,Yes,6,162
522,7,Judon,M,jbindeneh@columbia.edu,20,Yes,3,60
523,18,Haily,M,hdursleyei@webnode.com,27,Yes,14,378
524,11,David,M,dandrioniej@oaic.gov.au,24,Yes,7,168
525,18,Grange,M,gfeehilyek@marriott.com,30,Yes,14,420
526,1,Cassandry,M,cchalkerel@umich.edu,29,Yes,5,145
527,11,Carolin,F ,cbehneckeem@cisco.com,16,Yes,7,112
528,1,Xerxes,M,xsiderfinen@npr.org,15,Yes,4,60
529,1,Vita,M,vorletoneo@umn.edu,10,Yes,12,120
530,1,Ambur,M,adrohaneep@soup.io,11,Yes,4,44
531,11,Jackson,F ,jbowleswortheq@fotki.com,16,Yes,7,112
532,18,Dominique,F ,ddicksoner@google.ru,13,Yes,14,182
533,1,Nariko,M,ndodsworthes@disqus.com,19,Yes,4,76
534,1,Marlowe,M,mgarahanet@goodreads.com,26,Yes,1,26
535,1,Carolan,F ,cellisseu@theglobeandmail.com,20,Yes,7,140
536,1,Garrard,M,gbrelsfordev@wordpress.org,13,Yes,12,156
537,8,Livvie,M,lparcellew@dropbox.com,27,Yes,10,270
538,1,Tally,M,tbiltonex@opensource.org,17,Yes,4,68
539,1,Jeffy,M,jmarquotey@zimbio.com,28,Yes,4,112
540,1,Genvieve,M,gharremaez@yellowpages.com,14,Yes,1,14
541,1,Catlee,M,cdeveyf0@sbwire.com,19,Yes,4,76
542,1,Mohammed,M,migof1@last.fm,10,Yes,4,40
543,1,Annalee,F ,aealesf2@admin.ch,16,Yes,2,32
544,12,Colet,M,cscarthf3@google.co.jp,15,Yes,7,105
545,12,Cleopatra,M,ciohananoff4@about.com,11,Yes,6,66
546,7,Anatollo,M,acossansf5@alexa.com,10,Yes,12,120
547,8,Gallagher,M,gvittef6@fotki.com,25,Yes,10,250
548,1,Mireielle,M,mbradleyf7@ox.ac.uk,21,Yes,4,84
549,3,Barr,F ,bbornef8@aboutads.info,20,Yes,10,200
550,1,Barnaby,M,btoppasf9@businesswire.com,18,Yes,3,54
551,12,Odelinda,F ,obullochfa@flickr.com,15,Yes,7,105
552,15,Addie,M,atomleyfb@rambler.ru,18,Yes,9,162
553,1,Brier,F ,bpurbrickfc@amazon.co.uk,24,Yes,2,48
554,12,Dawn,M,ddanevfd@blogs.com,16,Yes,7,112
555,7,Bud,F ,bblackfordfe@telegraph.co.uk,23,Yes,9,207
556,1,Batsheva,M,breubenff@addthis.com,28,Yes,2,56
557,8,Zelda,M,zrosensteinfg@techcrunch.com,12,Yes,6,72
558,1,Lorine,M,lcanetfh@tumblr.com,13,Yes,4,52
559,18,Egor,M,emcelhinneyfi@youtube.com,23,Yes,14,322
560,8,Seward,F ,sledurfj@wikispaces.com,12,Yes,2,24
561,18,Bunny,M,bcarissfk@blogspot.com,16,Yes,14,224
562,15,Garrot,M,gafieldfl@wisc.edu,22,Yes,9,198
563,8,Arlen,M,adevotefm@ycombinator.com,23,Yes,10,230
564,1,Shandeigh,M,sravelusfn@time.com,22,Yes,4,88
565,1,Kirstyn,M,ktroughtonfo@biglobe.ne.jp,23,Yes,1,23
566,4,Sheree,M,sdennidgefp@google.de,21,Yes,4,84
567,4,Raynell,M,rberkelayfq@360.cn,30,Yes,1,30
568,4,Deidre,M,deglingtonfr@twitter.com,26,Yes,4,104
569,12,Hillie,M,habrahamifs@hud.gov,17,Yes,6,102
570,4,Evered,F ,egoodhayft@google.cn,13,Yes,3,39
571,18,Thorny,F ,thaddenfu@people.com.cn,14,Yes,14,196
572,8,Ripley,F ,rsumsionfv@miibeian.gov.cn,10,Yes,10,100
573,4,Ethan,M,eelpheefw@auda.org.au,10,Yes,5,50
574,12,Claudetta,M,ctweddellfx@diigo.com,14,Yes,3,42
575,4,Wells,M,wbainefy@qq.com,21,Yes,3,63
576,4,Antin,M,athayrefz@smh.com.au,15,Yes,12,180
577,1,Moyra,M,moliphandg0@freewebs.com,29,Yes,11,319
578,1,Emelyne,F ,ehookg1@weather.com,12,Yes,11,132
579,13,Darcie,M,dlinebargerg2@fastcompany.com,17,Yes,6,102
580,4,Sayer,M,sferrieg3@dmoz.org,11,Yes,2,22
581,4,Fidel,M,fcastelletg4@ebay.co.uk,22,Yes,4,88
582,4,Johanna,M,jgiddonsg5@marriott.com,16,Yes,3,48
583,13,Winne,M,wbarnwallg6@accuweather.com,22,Yes,6,132
584,4,Raquel,M,rleavoldg7@rakuten.co.jp,15,Yes,4,60
585,1,Lek,M,lcleallg8@disqus.com,17,Yes,11,187
586,4,Kristy,M,ktolsong9@goo.gl,22,Yes,12,264
587,4,Miguela,M,mbansalga@dot.gov,22,Yes,1,22
588,4,Roman,M,rdagggb@blog.com,12,Yes,3,36
589,13,Moreen,F ,mbatrimgc@wired.com,18,Yes,7,126
590,15,Minor,M,mzappelgd@booking.com,23,Yes,8,184
591,4,Kitty,F ,kheddenge@goodreads.com,29,Yes,5,145
592,13,Gracie,M,gcorrigangf@behance.net,14,Yes,7,98
593,4,Elisa,M,erangergg@desdev.cn,21,Yes,3,63
594,4,Bunny,M,btyregh@123-reg.co.uk,19,Yes,5,95
595,4,Van,M,voconnollygi@stumbleupon.com,29,Yes,1,29
596,4,Dee dee,M,dpuckinghornegj@sina.com.cn,29,Yes,1,29
597,18,Etty,M,eyanukgk@unc.edu,15,Yes,14,210
598,4,Doro,M,dthezegl@google.fr,20,Yes,1,20
599,13,Stephie,M,sdorotgm@examiner.com,19,No,7,133
600,4,Quinta,F ,qbinnergn@hexun.com,26,No,3,78
601,1,Roobbie,M,rklaffgo@usnews.com,30,No,11,330
602,13,Carina,F ,catkinsongp@mapy.cz,10,Yes,6,60
603,1,Griffin,M,gsammesgq@newsvine.com,15,No,11,165
604,4,Kipper,M,kwixongr@oaic.gov.au,23,No,1,23
605,4,Alister,M,amaguiregs@altervista.org,29,Yes,5,145
606,15,Aviva,M,ahegleygt@ovh.net,29,Yes,8,232
607,13,Minne,M,mrouffgu@ucla.edu,15,Yes,13,195
608,8,Yalonda,M,ysladgv@cocolog-nifty.com,14,No,10,140
609,15,Palmer,M,pboylesgw@google.fr,23,No,8,184
610,4,Harry,M,hbootesgx@purevolume.com,26,No,1,26
611,7,Gretel,M,gdurnogy@ucoz.com,15,No,10,150
612,15,Marianne,F ,mflegggz@amazonaws.com,30,Yes,9,270
613,4,Dulcie,M,dchittockh0@constantcontact.com,15,Yes,4,60
614,3,Sydel,F ,sgatemanh1@wisc.edu,11,Yes,13,143
615,4,Stanislaus,F ,sboarleysonh2@narod.ru,23,No,5,115
616,4,Alena,M,adelahuntyh3@salon.com,17,Yes,5,85
617,13,Goldy,M,gmcelweeh4@drupal.org,28,No,1,28
618,4,Barris,M,blinehamh5@gov.uk,29,No,8,232
619,4,Sidoney,M,swithullh6@parallels.com,16,Yes,3,48
620,4,Lavena,M,ldobbieh7@twitter.com,14,No,7,98
621,11,Bud,M,bschuckh8@hatena.ne.jp,20,Yes,1,20
622,13,Antons,M,ameesh9@state.gov,15,No,7,105
623,11,Arvin,M,ajurzykha@weibo.com,28,Yes,9,252
624,11,Cathryn,M,ceastmeadhb@upenn.edu,22,Yes,1,22
625,7,Adela,M,avasselhc@google.com,19,Yes,7,133
626,11,Karrah,M,kdouglisshd@mayoclinic.com,23,Yes,1,23
627,11,Kenneth,F ,klebromhe@nih.gov,21,Yes,1,21
628,11,Olympie,F ,ohawkshawhf@independent.co.uk,15,Yes,2,30
629,18,Kristal,M,kbeaverhg@nymag.com,24,No,14,336
630,13,Ernestine,F ,edorkenshh@theatlantic.com,27,No,7,189
631,13,Ludovika,F ,lhindrickhi@hao123.com,29,No,6,174
632,13,Suzanna,F ,shukehj@scribd.com,10,Yes,12,120
633,11,Annette,M,anormanvillhk@irs.gov,27,No,1,27
634,11,Gilligan,M,ggreyhl@twitter.com,15,No,7,105
635,15,Ines,F ,islarkhm@nps.gov,19,Yes,9,171
636,15,Bunnie,M,bduboishn@hud.gov,12,Yes,2,24
637,11,Johanna,F ,jhowlinho@unesco.org,26,No,3,78
638,7,Farlie,M,fcalrowhp@smugmug.com,10,No,12,120
639,8,Geoffrey,M,gpinerhq@google.co.uk,19,Yes,10,190
640,3,Martica,M,mfiddymonthr@istockphoto.com,17,No,6,102
641,3,Arthur,M,acadamyhs@shareasale.com,23,No,13,299
642,8,Yves,M,yfieldhouseht@uol.com.br,16,Yes,10,160
643,11,Lynde,M,lcaspellhu@google.com.hk,20,No,5,100
644,18,Euphemia,M,egoodlifehv@google.it,29,No,14,406
645,11,Lucius,M,lfradgleyhw@hugedomains.com,29,Yes,1,29
646,15,Rolland,M,rwaistallhx@weibo.com,12,Yes,8,96
647,13,Barris,M,bbegleyhy@cpanel.net,28,Yes,7,196
648,11,Vinson,M,vcoughtreyhz@ifeng.com,10,Yes,1,10
649,11,Moselle,M,mbeekei0@telegraph.co.uk,21,No,2,42
650,13,Linoel,M,lparmenteri1@zimbio.com,22,No,7,154
651,11,Ursula,M,upharei2@delicious.com,12,No,2,24
652,1,Galvan,M,gwilcheri3@shinystat.com,17,No,11,187
653,13,Steffen,M,sresdalei4@microsoft.com,30,Yes,7,210
654,11,Frans,M,fbathursti5@technorati.com,20,No,4,80
655,11,Rhonda,F ,rkoheni6@51.la,14,Yes,5,70
656,11,Tris,M,tmacdunlevyi7@yahoo.com,21,Yes,5,105
657,3,Bunny,M,bporritti8@cbsnews.com,18,No,13,234
658,13,Fair,M,fhuertasi9@meetup.com,22,No,7,154
659,18,Raviv,F ,rriggollia@drupal.org,28,No,14,392
660,13,Scott,M,sballendineib@sfgate.com,10,Yes,7,70
661,13,Leonhard,F ,lbarcaic@163.com,19,Yes,3,57
662,1,Peggy,M,pcordeletid@1und1.de,28,No,3,84
663,13,Clint,F ,cbesterie@imdb.com,19,No,6,114
664,11,Bella,F ,bmoncrefeif@nhs.uk,27,No,2,54
665,11,Holden,M,hsaltsbergerig@irs.gov,14,Yes,5,70
666,1,Kimmi,F ,kbranfordih@flickr.com,15,No,11,165
667,7,Derwin,M,dwaslingii@cbsnews.com,21,No,12,252
668,11,Gene,F ,ghazardij@barnesandnoble.com,16,No,13,208
669,11,Cara,M,clamieik@parallels.com,26,No,1,26
670,15,Shalna,F ,scapstaffil@techcrunch.com,20,No,9,180
671,11,Baryram,M,bcundyim@printfriendly.com,25,Yes,14,350
672,15,Elly,M,ecrawin@vimeo.com,28,Yes,9,252
673,11,Cristin,M,cperigoeio@sbwire.com,15,No,5,75
674,11,Klarrisa,M,kaceip@theatlantic.com,30,No,2,60
675,8,Raff,M,rfenechiq@nps.gov,29,Yes,10,290
676,18,Giselle,M,gboylanir@patch.com,23,No,14,322
677,13,Brandie,F ,barmanis@slate.com,25,Yes,14,350
678,11,Eduard,F ,eturvilleit@indiatimes.com,22,Yes,4,88
679,13,Nettle,M,nalbeniu@redcross.org,18,Yes,14,252
680,8,Gerard,M,gcauderlieiv@hp.com,25,Yes,10,250
681,11,Auberta,M,amedewayiw@alibaba.com,16,No,14,224
682,11,Halette,M,hwyldboreix@pen.io,27,Yes,3,81
683,1,Ginnie,M,gboschmanniy@soundcloud.com,19,No,11,209
684,13,Evelyn,M,emurcottiz@tinyurl.com,20,Yes,14,280
685,13,Olympie,M,ojedrachowiczj0@timesonline.co.uk,16,No,2,32
686,11,Jenni,M,jmartinovicj1@adobe.com,14,Yes,4,56
687,1,Nevins,F ,nzecchettij2@fda.gov,24,No,4,96
688,11,Corrine,M,cbendallj3@behance.net,25,Yes,1,25
689,11,Cloe,F ,csandlej4@ezinearticles.com,10,Yes,4,40
690,1,Brittani,F ,bmcphelimj5@newsvine.com,19,No,11,209
691,7,Josh,F ,jsineathj6@abc.net.au,13,Yes,10,130
692,1,Shirleen,F ,sstealyj7@multiply.com,20,No,11,220
693,15,Jessalin,M,jperrygoj8@csmonitor.com,16,Yes,8,128
694,15,Darleen,M,dkubistaj9@storify.com,25,No,10,250
695,11,Duff,M,dfrancilloja@seattletimes.com,15,No,9,135
696,1,Malinde,F ,mroubyjb@nbcnews.com,14,Yes,11,154
697,11,Rhonda,M,rmendesjc@mail.ru,12,No,1,12
698,11,Victoir,M,vcargilljd@example.com,30,Yes,1,30
699,11,Jae,M,jschoolingje@blogs.com,17,Yes,5,85
700,15,Tanhya,M,tpriterjf@youtu.be,19,Yes,8,152
701,4,Aubrie,M,asoutheyjg@microsoft.com,11,No,4,44
702,5,Malchy,M,mchamberlinjh@fc2.com,28,Yes,1,28
703,6,Rani,M,rdowji@si.edu,27,No,3,81
704,15,Dian,M,dimpletonjj@amazon.de,26,Yes,8,208
705,15,Gray,M,gbaultjk@bigcartel.com,19,No,9,171
706,7,Giselle,M,gvalentinjl@cbc.ca,11,Yes,5,55
707,18,Anallese,M,astreetenjm@ed.gov,24,No,14,336
708,7,Lavena,M,lgappjn@techcrunch.com,12,No,5,60
709,13,Merrili,M,mmelladewjo@a8.net,15,Yes,7,105
710,15,Godfry,M,gdormerjp@cdc.gov,19,Yes,3,57
711,8,William,F ,wdoughertyjq@histats.com,21,No,1,21
712,3,Julio,M,jtisonjr@last.fm,15,Yes,8,120
713,15,Candice,M,csanperjs@xing.com,29,No,8,232
714,1,Zacharias,F ,ztierneyjt@ox.ac.uk,28,No,6,168
715,9,Boone,F ,bfreedju@yellowbook.com,19,Yes,12,228
716,8,Brod,F ,bhodgejv@fema.gov,19,Yes,10,190
717,4,Annabel,F ,aguerrijw@meetup.com,27,No,5,135
718,12,Kania,F ,kcaressjx@home.pl,27,Yes,3,81
719,7,Wendel,M,wtavinorjy@hc360.com,10,Yes,12,120
720,7,Bambi,M,btaillardjz@census.gov,13,Yes,12,156
721,7,Verena,M,vchreek0@dyndns.org,17,No,12,204
722,13,Tova,F ,tgrenvillek1@goo.ne.jp,24,No,7,168
723,13,Gilbertina,F ,glernihank2@diigo.com,16,No,6,96
724,13,Tonye,M,tgrahamk3@artisteer.com,24,Yes,7,168
725,1,Wenonah,M,wzackk4@nature.com,25,Yes,11,275
726,12,Coralyn,M,cayrtonk5@dagondesign.com,18,No,2,36
727,12,Daveta,M,dmcmechank6@mozilla.org,24,Yes,1,24
728,3,Tessie,M,tjoiscek7@about.me,10,No,6,60
729,8,Josey,F ,jbushek8@tripod.com,27,Yes,10,270
730,12,Ammamaria,M,aroundsk9@arizona.edu,29,No,1,29
731,15,Barret,F ,bansettka@symantec.com,24,Yes,8,192
732,12,Uta,M,ubykkb@theatlantic.com,25,No,1,25
733,18,Georgine,F ,glarratkc@cdc.gov,10,Yes,10,100
734,8,Rustin,F ,rivachyovkd@miitbeian.gov.cn,11,Yes,10,110
735,12,Aldin,M,afahyke@jimdo.com,13,No,4,52
736,15,Neil,M,nmussingtonkf@nytimes.com,14,Yes,2,28
737,12,Katerine,M,ktronikg@columbia.edu,19,Yes,4,76
738,1,Vittorio,F ,vbowcherkh@devhub.com,12,Yes,11,132
739,8,Jud,M,jblackboroughki@about.com,13,Yes,10,130
740,15,Horten,F ,hslanykj@nydailynews.com,26,Yes,8,208
741,12,Charmine,F ,clomazkk@newsvine.com,19,No,3,57
742,12,Micheil,M,mduinkerkkl@youtu.be,18,No,3,54
743,7,Creigh,M,cbohmankm@blogtalkradio.com,24,Yes,12,288
744,12,Helenka,F ,hanglesskn@360.cn,28,No,3,84
745,3,Collie,M,cpurbrickko@techcrunch.com,25,No,13,325
746,12,Andrus,M,asaltsbergerkp@rakuten.co.jp,11,Yes,4,44
747,15,Kevon,M,kmateuszczykkq@disqus.com,22,No,8,176
748,18,Greggory,M,gtanzigkr@soup.io,15,No,14,210
749,12,Ana,M,atrimmingks@scribd.com,14,No,2,28
750,1,Tatiana,M,telleynekt@facebook.com,19,Yes,11,209
751,15,Kerk,M,kwaylettku@unicef.org,26,No,9,234
752,18,Warner,M,wgailorkv@unesco.org,25,Yes,14,350
753,7,Charmion,M,cwhitchurchkw@dropbox.com,22,No,12,264
754,7,Genny,M,grossikx@miibeian.gov.cn,22,No,12,264
755,18,Boris,M,bpargentky@cnbc.com,19,No,14,266
756,13,Fawne,M,fspadeckkz@bigcartel.com,19,Yes,13,247
757,13,Lay,M,lkearneyl0@miitbeian.gov.cn,30,Yes,6,180
758,15,Bradney,F ,bcopinl1@constantcontact.com,23,No,8,184
759,8,Malena,M,mfantonel2@symantec.com,13,Yes,10,130
760,12,Nicolina,M,nbussonsl3@nature.com,17,No,4,68
761,8,Lynnet,M,llambshinel4@twitter.com,10,No,14,140
762,13,Gregory,F ,grandl5@slideshare.net,13,Yes,6,78
763,13,Giraud,M,gscotfurthl6@fda.gov,22,Yes,6,132
764,12,Van,F ,vmartynsl7@1und1.de,29,Yes,1,29
765,8,Murray,F ,mcabelll8@dailymotion.com,17,No,10,170
766,13,Ursuline,M,uswanboroughl9@yelp.com,29,Yes,2,58
767,15,Jenni,F ,jsimukovla@vkontakte.ru,13,No,9,117
768,8,Catha,F ,cskowcraftlb@ycombinator.com,25,Yes,10,250
769,8,Israel,M,ibladderlc@epa.gov,12,No,10,120
770,12,Duffy,M,dhowcroftld@patch.com,27,No,2,54
771,12,Larissa,M,ltreasadenle@vk.com,25,Yes,4,100
772,12,Chantalle,F ,cabrahamianlf@patch.com,11,No,3,33
773,15,Melina,M,mlowrelg@delicious.com,10,No,8,80
774,13,Normie,M,nweatherburnlh@nih.gov,12,No,7,84
775,13,Johnathan,F ,jcambleli@facebook.com,21,No,7,147
776,18,Efren,M,egoghinlj@google.com.au,28,No,3,84
777,3,Jake,M,jmcgarvalk@timesonline.co.uk,28,Yes,12,336
778,7,Hervey,F ,hipgravell@sourceforge.net,20,Yes,8,160
779,18,Ellery,M,echurchinglm@ted.com,17,Yes,14,238
780,13,Gabriella,M,gshovellln@earthlink.net,16,No,6,96
781,12,Luz,M,lsamworthlo@amazon.com,19,Yes,3,57
782,8,Hebert,F ,htrowelllp@vistaprint.com,29,Yes,10,290
783,8,Beatrisa,M,bdimontlq@independent.co.uk,26,Yes,10,260
784,3,Leelah,M,lmirfinlr@nytimes.com,19,No,13,247
785,3,Lodovico,M,lpardeyls@dropbox.com,16,No,5,80
786,3,Jermayne,M,jphilpotlt@gravatar.com,10,Yes,13,130
787,3,Kristoffer,M,kfarlanelu@wsj.com,25,No,5,125
788,18,Celisse,M,cwiddoweslv@google.it,23,Yes,14,322
789,8,Drusy,M,dmadgwichlw@furl.net,30,No,12,360
790,1,Fredric,M,fbuttlx@jigsy.com,29,No,12,348
791,18,Claybourne,M,calwoodly@quantcast.com,11,No,14,154
792,13,Flossie,M,fmalcolmsonlz@businesswire.com,17,Yes,13,221
793,1,Talia,M,tiliffm0@sakura.ne.jp,15,No,11,165
794,1,Shannen,M,shaquinm1@marketwatch.com,21,Yes,11,231
795,15,Lorilee,M,lpidwellm2@jalbum.net,27,No,8,216
796,15,Beryl,M,bscamelm3@ted.com,24,Yes,9,216
797,3,Candi,M,cdanniellm4@ask.com,22,No,3,66
798,3,Raynor,M,rallbrookm5@deliciousdays.com,15,No,3,45
799,3,Ritchie,M,rsimenotm6@weather.com,11,No,3,33
800,13,Tommi,F ,tferiam7@csmonitor.com,19,No,4,76
801,3,Jackson,M,jgeachm8@thetimes.co.uk,29,Yes,5,145
802,7,Jinny,M,jdafyddm9@hibu.com,27,No,9,243
803,3,Meggi,F ,msayema@sciencedirect.com,24,Yes,13,312
804,3,Corly,M,cdynemb@cafepress.com,11,Yes,4,44
805,3,Arel,M,adogertymc@mapy.cz,21,Yes,2,42
806,15,Jessi,M,jnestermd@reverbnation.com,19,Yes,8,152
807,3,Gerianna,F ,gkummerloweme@telegraph.co.uk,13,No,2,26
808,3,Bonni,M,blimeburnmf@gnu.org,25,Yes,12,300
809,3,Kesley,M,kmarcosmg@biglobe.ne.jp,15,Yes,8,120
810,8,Michaela,M,mzamoramh@gov.uk,22,No,13,286
811,13,Nikita,M,nsottellmi@odnoklassniki.ru,16,No,10,160
812,3,Edgar,M,escotchbourougemj@qq.com,11,Yes,1,11
813,3,Bambi,M,bdunbarmk@weibo.com,13,Yes,1,13
814,3,Finn,M,fharfleteml@purevolume.com,21,No,13,273
815,3,Delores,M,dantosmm@techcrunch.com,10,No,3,30
816,18,Laverna,M,lwedderburnmn@over-blog.com,21,Yes,14,294
817,3,Reggis,M,rbalshenmo@typepad.com,16,No,5,80
818,15,Marybelle,M,mdauneymp@mashable.com,21,No,9,189
819,3,Brena,F ,blochetmq@tiny.cc,30,Yes,4,120
820,8,Chiquita,M,cdorgonmr@weibo.com,10,No,10,100
821,15,Berget,F ,bmcorkillms@lulu.com,29,Yes,8,232
822,18,Meredeth,M,mdaingerfieldmt@nps.gov,24,No,5,120
823,3,Meade,F ,moflynnmu@vk.com,14,No,11,154
824,18,Vallie,M,vboninmv@whitehouse.gov,24,Yes,14,336
825,7,Caryl,M,csedgemw@jalbum.net,21,No,12,252
826,13,Rosanna,M,rbaldersonmx@scientificamerican.com,21,No,7,147
827,3,Diena,M,dmouattmy@jimdo.com,20,Yes,13,260
828,3,Quint,M,qjiroutkamz@odnoklassniki.ru,30,No,3,90
829,3,Ilyse,M,igarlandn0@timesonline.co.uk,18,Yes,8,144
830,15,Kevin,M,kbartloszn1@webmd.com,24,Yes,13,312
831,3,Sayre,M,sbarstown2@vkontakte.ru,17,No,8,136
832,7,Kirstyn,M,kohallorann3@theguardian.com,15,No,4,60
833,15,Lemmie,F ,ljorgensenn4@theglobeandmail.com,27,Yes,8,216
834,13,Daphene,M,dbucknalln5@ifeng.com,13,Yes,6,78
835,3,Glenden,M,gmcfatern6@kickstarter.com,23,No,2,46
836,15,Garry,F ,gcallwayn7@com.com,23,No,8,184
837,13,Elizabet,M,ewhitelyn8@google.co.uk,20,Yes,8,160
838,13,Casey,M,csucklingn9@usda.gov,28,Yes,6,168
839,8,Margalo,M,mmctearna@4shared.com,19,Yes,10,190
840,1,Bond,M,bbrydsonnb@uiuc.edu,22,No,11,242
841,13,Priscilla,F ,pmithannc@homestead.com,11,Yes,7,77
842,3,Amata,M,amcellennd@bloomberg.com,27,Yes,13,351
843,3,Jerrie,M,jwoodhamne@angelfire.com,19,Yes,13,247
844,15,Arnaldo,M,ayitzhoknf@pcworld.com,17,Yes,9,153
845,15,Giovanni,F ,gprawleng@hugedomains.com,15,No,9,135
846,3,Lucila,F ,leardnh@phoca.cz,13,Yes,2,26
847,3,Ermanno,M,epostiansni@weather.com,23,Yes,5,115
848,8,Verina,M,vmarchingtonnj@vimeo.com,17,No,10,170
849,1,Gregorius,M,gmuffnk@walmart.com,24,No,11,264
850,15,Didi,M,dcotenl@sciencedirect.com,14,Yes,3,42
851,3,Inga,M,icorstorphinenm@imageshack.us,14,No,4,56
852,15,Randa,M,rmcblainnn@cmu.edu,18,Yes,9,162
853,1,Noam,M,nrappsno@blinklist.com,22,No,7,154
854,1,Skippie,M,sdrayenp@sourceforge.net,20,No,12,240
855,15,Eleanor,M,ehelstripnq@dropbox.com,27,Yes,9,243
856,18,Orton,M,oslingsbynr@scribd.com,25,No,2,50
857,18,Bobbee,M,bmulrooneyns@oakley.com,19,No,14,266
858,8,Alisun,F ,apilchnt@house.gov,13,No,7,91
859,7,Holly,M,hstellmannu@tripod.com,28,Yes,12,336
860,18,Krystyna,M,kgreschnv@istockphoto.com,10,Yes,4,40
861,1,Cord,M,cbarnevillenw@accuweather.com,22,Yes,11,242
862,3,Goldina,M,gcasemorenx@naver.com,29,Yes,6,174
863,13,Lucho,M,leneferny@cmu.edu,20,Yes,6,120
864,15,Mackenzie,F ,mmizzinz@gov.uk,22,No,9,198
865,15,Andrei,F ,abrantlo0@npr.org,25,Yes,9,225
866,13,Giselle,M,gcoateno1@fda.gov,29,Yes,7,203
867,8,Morgana,M,mgatfieldo2@accuweather.com,14,Yes,11,154
868,15,Humberto,M,hgrogonoo3@parallels.com,15,Yes,8,120
869,1,Niki,M,nmillinso4@yolasite.com,19,Yes,9,171
870,8,Beauregard,M,btidcombeo5@opera.com,19,No,14,266
871,13,Lucias,M,lcherrymano6@wunderground.com,27,Yes,7,189
872,3,Dyann,M,droccoo7@cocolog-nifty.com,26,Yes,5,130
873,3,Jakob,F ,jbogaceo8@yandex.ru,20,Yes,1,20
874,13,Bartholomew,M,bcolqueteo9@hp.com,17,Yes,5,85
875,7,Lynnet,M,lhapkeoa@google.com.hk,10,Yes,12,120
876,8,Angil,M,abaronob@examiner.com,23,No,10,230
877,13,Raffarty,M,rhaineyoc@hao123.com,22,No,14,308
878,1,Jerrie,M,jcurlessod@nasa.gov,30,No,2,60
879,13,Marie,M,mbaudouxoe@webs.com,30,No,7,210
880,15,Arlyn,M,astobbeof@github.com,16,No,8,128
881,13,Lorene,M,ltretwellog@myspace.com,22,No,7,154
882,8,Alaster,F ,afiggsoh@sourceforge.net,27,No,10,270
883,3,Lon,F ,lbibboi@fda.gov,15,Yes,11,165
884,3,Sky,F ,sbordoneoj@php.net,29,Yes,7,203
885,3,Trip,M,tkowalskiok@naver.com,24,No,9,216
886,15,Jacinda,F ,jcassyol@pinterest.com,29,Yes,9,261
887,3,Alfredo,F ,arowstonom@spiegel.de,12,No,13,156
888,1,Lucinda,F ,lroeon@altervista.org,27,No,11,297
889,13,Lia,M,lbeebleoo@google.es,21,No,14,294
890,13,Teodor,F ,tshepherdsonop@chronoengine.com,28,No,6,168
891,8,Rafi,F ,rguytonoq@merriam-webster.com,27,Yes,10,270
892,15,Gradeigh,M,gmullarkeyor@behance.net,19,No,2,38
893,15,Rae,M,rslinnos@behance.net,19,No,14,266
894,8,Merrill,M,mbennettoot@apple.com,11,No,10,110
895,3,Bunnie,M,bgalbreathou@livejournal.com,19,Yes,1,19
896,13,Serge,M,sfinleyov@cisco.com,26,No,7,182
897,2,Anneliese,M,akentonow@marriott.com,13,No,4,52
898,15,Charin,M,celhamox@hatena.ne.jp,16,No,13,208
899,15,Nickey,M,ntregentoy@weather.com,30,No,8,240
900,8,Uriah,M,ucaizleyoz@toplist.cz,30,Yes,10,300
901,15,Rici,M,rkalep0@ihg.com,13,No,9,117
902,13,Viviene,M,vporrettp1@harvard.edu,29,Yes,13,377
903,8,Gabriella,M,gmulvihillp2@soundcloud.com,23,Yes,10,230
904,2,Gerrie,F ,gdanilovichp3@sbwire.com,18,Yes,3,54
905,8,Romona,M,rcaylep4@cnbc.com,14,Yes,10,140
906,8,Arlen,M,adoughteryp5@uol.com.br,19,No,10,190
907,18,Sisile,F ,sjeromep6@surveymonkey.com,20,Yes,14,280
908,15,Eolande,M,eoliverap7@nyu.edu,23,Yes,4,92
909,18,Shadow,M,sslatenp8@multiply.com,27,Yes,5,135
910,15,Egon,F ,ecalderheadp9@fema.gov,29,Yes,9,261
911,2,Karel,F ,kbaughpa@wunderground.com,28,No,4,112
912,15,Francklyn,M,fipwellpb@naver.com,10,Yes,9,90
913,8,Garvey,M,gpleveypc@tiny.cc,30,No,7,210
914,2,Madelin,M,mbegentpd@odnoklassniki.ru,28,No,3,84
915,7,Rurik,M,rpigfordpe@patch.com,17,Yes,12,204
916,7,Katinka,M,kelstubpf@go.com,18,Yes,12,216
917,3,Lisle,M,lbroypg@google.es,11,Yes,13,143
918,2,Tan,M,tsmidmoorph@networkadvertising.org,15,Yes,4,60
919,2,Dione,M,ddedmampi@trellian.com,20,No,6,120
920,3,Farly,F ,fjevonpj@reddit.com,14,No,13,182
921,8,Augustina,F ,ajaimezpk@hao123.com,10,No,6,60
922,2,Rosy,M,rsibraypl@msn.com,20,No,3,60
923,15,Dollie,M,dhordellpm@delicious.com,10,No,9,90
924,15,Lesley,F ,ldowdneypn@bbb.org,30,Yes,9,270
925,2,Nerte,M,nsurgenerpo@wordpress.com,27,Yes,5,135
926,1,Alleen,M,amachentpp@un.org,30,Yes,11,330
927,2,Jacqueline,M,jmabbuttpq@youtube.com,18,No,2,36
928,2,Alexio,F ,amocquerpr@artisteer.com,19,No,9,171
929,7,Gamaliel,M,gaberkirderps@archive.org,26,No,12,312
930,7,Rabbi,M,raustonpt@e-recht24.de,21,Yes,12,252
931,2,Laurene,M,lellorpu@bloglines.com,11,Yes,4,44
932,8,Craggie,F ,cmauntonpv@amazonaws.com,13,No,10,130
933,2,Dale,M,dnardipw@pagesperso-orange.fr,28,Yes,2,56
934,2,Coralyn,M,clongshawpx@nymag.com,17,Yes,5,85
935,18,Veronique,M,vhallickpy@seattletimes.com,14,Yes,14,196
936,2,Wynnie,F ,wshurlockpz@acquirethisname.com,13,No,2,26
937,2,Hazel,M,htemplemanq0@cpanel.net,11,No,3,33
938,3,Randi,F ,rfraynq1@php.net,12,Yes,13,156
939,2,Celestine,M,cgillinoq2@multiply.com,29,No,4,116
940,13,Carlyn,M,croderickq3@npr.org,14,No,6,84
941,2,Austen,M,aeustanchq4@weebly.com,20,Yes,1,20
942,2,Jeffry,M,jredbournq5@wikispaces.com,29,No,10,290
943,7,Cristal,F ,csponderq6@123-reg.co.uk,18,No,3,54
944,2,Madge,F ,mboutwellq7@biblegateway.com,29,Yes,4,116
945,1,Tod,M,tebblesq8@cargocollective.com,29,Yes,9,261
946,13,Evy,F ,ebarmbyq9@bing.com,18,Yes,4,72
947,2,Hillard,F ,hworledgeqa@infoseek.co.jp,22,No,14,308
948,18,Cherey,M,cmaccaughanqb@examiner.com,13,No,11,143
949,2,Melita,M,mspieghtqc@i2i.jp,29,No,2,58
950,8,Aeriel,M,ajoppqd@issuu.com,29,No,10,290
951,2,Tamarah,M,ttaylourqe@seattletimes.com,19,No,4,76
952,15,Ardyth,F ,acoldwellqf@alibaba.com,27,Yes,7,189
953,15,Hyacinthie,M,hbernardinoqg@google.co.jp,15,Yes,10,150
954,13,Demetrius,M,dmouatqh@earthlink.net,16,No,2,32
955,2,Fergus,M,fkelmereqi@cam.ac.uk,13,No,4,52
956,2,Jonathan,M,jpawnsfordqj@twitpic.com,24,Yes,10,240
957,13,Xylia,M,xbolingbrokeqk@livejournal.com,29,No,7,203
958,18,Claribel,M,cotteryql@businesswire.com,27,Yes,14,378
959,8,Adela,F ,adaytonqm@guardian.co.uk,16,No,10,160
960,17,Felicdad,M,fpearsonqn@about.me,28,Yes,3,84
961,17,Chan,F ,clyenyngqo@statcounter.com,27,No,5,135
962,15,Lombard,M,lkopfqp@wix.com,28,No,8,224
963,13,Foss,F ,fpitsonqq@amazonaws.com,25,Yes,7,175
964,8,Towney,M,tskatesqr@angelfire.com,17,Yes,10,170
965,17,Cherianne,M,cmordinqs@blinklist.com,20,Yes,4,80
966,3,Raymund,M,rmaryetqt@drupal.org,14,No,13,182
967,17,Libbey,M,lwoollamqu@hexun.com,17,Yes,1,17
968,3,Arliene,M,awilbrahamqv@sbwire.com,14,No,7,98
969,17,Jermayne,M,jpinchesqw@myspace.com,25,Yes,11,275
970,18,Michaeline,F ,mpagramqx@webeden.co.uk,21,Yes,14,294
971,17,Winnie,M,wpodmoreqy@biblegateway.com,29,Yes,1,29
972,13,Louisa,F ,lturriqz@ebay.co.uk,27,Yes,6,162
973,15,Terza,M,tbedsonr0@shareasale.com,27,No,8,216
974,17,Quintus,F ,qdemeyerr1@instagram.com,26,Yes,7,182
975,13,Erwin,M,ecoadyr2@ca.gov,19,No,13,247
976,18,Althea,M,awinslowr3@washington.edu,26,Yes,14,364
977,8,Jasmina,M,jespinhar4@geocities.jp,21,No,12,252
978,3,Tony,M,tmaidstoner5@privacy.gov.au,16,No,13,208
979,17,Ciro,F ,clouthr6@blogspot.com,27,No,5,135
980,17,Tucky,M,tsalvadorir7@skyrock.com,18,No,5,90
981,15,Bjorn,F ,bhallwoodr8@skyrock.com,26,Yes,8,208
982,15,Lyell,M,llackingtonr9@google.ca,21,No,9,189
983,17,Glenine,M,ggavrielira@dailymail.co.uk,19,No,2,38
984,17,Rozanna,M,rmillinsrb@cafepress.com,21,No,10,210
985,13,Tiertza,F ,tosmantrc@shop-pro.jp,12,Yes,6,72
986,13,Dael,F ,dosburnrd@comsenz.com,22,Yes,6,132
987,17,Kennan,F ,kjeffsre@npr.org,13,Yes,5,65
988,18,Zachery,M,zgrigorianrf@ning.com,14,No,14,196
989,3,Ken,F ,kdecruzrg@free.fr,17,No,10,170
990,13,Fred,M,froosrh@census.gov,14,Yes,10,140
991,1,Mathilda,F ,mtresloveri@walmart.com,18,No,3,54
992,15,Pascale,M,phavikrj@nih.gov,22,Yes,9,198
993,8,Lincoln,F ,lluthwoodrk@indiatimes.com,14,Yes,10,140
994,3,Yves,M,ysherarl@slate.com,18,Yes,13,234
995,17,Delmor,M,dburridgerm@un.org,13,Yes,3,39
996,17,Davin,M,dboardrn@seattletimes.com,29,No,12,348
997,17,Agustin,M,agribbonro@biblegateway.com,14,Yes,4,56
998,17,Hartley,M,hfindlowrp@ucla.edu,27,Yes,3,81
999,13,Kaleb,M,kdurstonrq@ask.com,10,No,6,60
1000,13,Verina,M,vsprayrr@freewebs.com,28,Yes,7,196
