customer-id ,feedback_id,cleanliness,security,room quality,food,wifi
1,2001,FALSE,TRUE,FALSE,TRUE,TRUE
2,2002,FALSE,FALSE,TRUE,FALSE,TRUE
3,2003,TRUE,FALSE,TRUE,TRUE,TRUE
4,2004,FALSE,FALSE,FALSE,TRUE,TRUE
5,2005,TRUE,FALSE,TRUE,FALSE,FALSE
6,2006,TRUE,FALSE,FALSE,FALSE,FALSE
7,2007,FALSE,FALSE,FALSE,TRUE,TRUE
8,2008,TRUE,TRUE,TRUE,TRUE,TRUE
9,2009,FALSE,FALSE,TRUE,TRUE,TRUE
10,2010,FALSE,TRUE,TRUE,TRUE,FALSE
11,2011,FALSE,FALSE,TRUE,TRUE,TRUE
12,2012,FALSE,TRUE,TRUE,TRUE,TRUE
13,2013,FALSE,FALSE,FALSE,TRUE,TRUE
14,2014,TRUE,TRUE,FALSE,TRUE,FALSE
15,2015,FALSE,FALSE,TRUE,FALSE,FALSE
16,2016,TRUE,FALSE,TRUE,TRUE,TRUE
17,2017,FALSE,FALSE,TRUE,TRUE,TRUE
18,2018,TRUE,FALSE,TRUE,TRUE,TRUE
19,2019,TRUE,TRUE,TRUE,FALSE,FALSE
20,2020,TRUE,FALSE,FALSE,TRUE,FALSE
21,2021,TRUE,TRUE,TRUE,TRUE,TRUE
22,2022,TRUE,TRUE,FALSE,FALSE,TRUE
23,2023,FALSE,FALSE,FALSE,FALSE,FALSE
24,2024,TRUE,TRUE,TRUE,TRUE,FALSE
25,2025,FALSE,TRUE,FALSE,FALSE,TRUE
26,2026,FALSE,TRUE,FALSE,TRUE,FALSE
27,2027,TRUE,TRUE,FALSE,FALSE,TRUE
28,2028,TRUE,TRUE,FALSE,FALSE,TRUE
29,2029,FALSE,TRUE,FALSE,FALSE,FALSE
30,2030,FALSE,TRUE,TRUE,TRUE,FALSE
31,2031,TRUE,FALSE,FALSE,TRUE,FALSE
32,2032,FALSE,FALSE,FALSE,FALSE,TRUE
33,2033,TRUE,FALSE,FALSE,FALSE,TRUE
34,2034,TRUE,FALSE,TRUE,TRUE,FALSE
35,2035,TRUE,FALSE,TRUE,TRUE,FALSE
36,2036,TRUE,TRUE,TRUE,TRUE,TRUE
37,2037,TRUE,FALSE,FALSE,TRUE,FALSE
38,2038,TRUE,TRUE,FALSE,TRUE,FALSE
39,2039,TRUE,TRUE,TRUE,TRUE,FALSE
40,2040,FALSE,TRUE,FALSE,FALSE,FALSE
41,2041,TRUE,FALSE,TRUE,TRUE,FALSE
42,2042,TRUE,TRUE,TRUE,TRUE,TRUE
43,2043,TRUE,FALSE,FALSE,TRUE,FALSE
44,2044,FALSE,FALSE,FALSE,TRUE,TRUE
45,2045,TRUE,FALSE,TRUE,TRUE,FALSE
46,2046,FALSE,TRUE,FALSE,FALSE,TRUE
47,2047,TRUE,FALSE,TRUE,TRUE,TRUE
48,2048,FALSE,TRUE,TRUE,TRUE,FALSE
49,2049,FALSE,FALSE,FALSE,FALSE,FALSE
50,2050,TRUE,TRUE,TRUE,TRUE,FALSE
51,2051,FALSE,TRUE,TRUE,TRUE,TRUE
52,2052,TRUE,FALSE,FALSE,FALSE,TRUE
53,2053,FALSE,TRUE,FALSE,FALSE,TRUE
54,2054,TRUE,FALSE,FALSE,TRUE,TRUE
55,2055,FALSE,TRUE,TRUE,FALSE,TRUE
56,2056,FALSE,TRUE,TRUE,FALSE,TRUE
57,2057,TRUE,FALSE,FALSE,FALSE,FALSE
58,2058,FALSE,FALSE,FALSE,TRUE,TRUE
59,2059,TRUE,TRUE,FALSE,TRUE,TRUE
60,2060,TRUE,TRUE,FALSE,TRUE,FALSE
61,2061,FALSE,TRUE,FALSE,FALSE,FALSE
62,2062,TRUE,FALSE,TRUE,TRUE,TRUE
63,2063,FALSE,TRUE,TRUE,TRUE,FALSE
64,2064,FALSE,FALSE,FALSE,FALSE,TRUE
65,2065,TRUE,FALSE,FALSE,FALSE,TRUE
66,2066,TRUE,FALSE,FALSE,FALSE,FALSE
67,2067,FALSE,FALSE,FALSE,FALSE,FALSE
68,2068,FALSE,TRUE,FALSE,TRUE,FALSE
69,2069,TRUE,FALSE,FALSE,FALSE,FALSE
70,2070,FALSE,TRUE,TRUE,TRUE,TRUE
71,2071,FALSE,TRUE,TRUE,TRUE,FALSE
72,2072,TRUE,FALSE,TRUE,TRUE,TRUE
73,2073,TRUE,TRUE,TRUE,FALSE,TRUE
74,2074,FALSE,FALSE,FALSE,FALSE,FALSE
75,2075,FALSE,TRUE,TRUE,TRUE,FALSE
76,2076,FALSE,TRUE,TRUE,TRUE,FALSE
77,2077,TRUE,TRUE,FALSE,FALSE,FALSE
78,2078,FALSE,FALSE,TRUE,TRUE,FALSE
79,2079,FALSE,TRUE,FALSE,FALSE,TRUE
80,2080,FALSE,FALSE,TRUE,FALSE,FALSE
81,2081,FALSE,TRUE,TRUE,FALSE,TRUE
82,2082,TRUE,FALSE,FALSE,FALSE,FALSE
83,2083,FALSE,FALSE,TRUE,TRUE,TRUE
84,2084,TRUE,FALSE,FALSE,FALSE,FALSE
85,2085,FALSE,FALSE,FALSE,FALSE,TRUE
86,2086,TRUE,TRUE,FALSE,TRUE,TRUE
87,2087,FALSE,FALSE,TRUE,TRUE,TRUE
88,2088,FALSE,TRUE,FALSE,FALSE,TRUE
89,2089,TRUE,TRUE,TRUE,TRUE,FALSE
90,2090,TRUE,TRUE,FALSE,TRUE,FALSE
91,2091,TRUE,TRUE,TRUE,FALSE,FALSE
92,2092,TRUE,FALSE,FALSE,FALSE,FALSE
93,2093,TRUE,TRUE,TRUE,FALSE,TRUE
94,2094,FALSE,TRUE,TRUE,TRUE,TRUE
95,2095,FALSE,FALSE,FALSE,TRUE,TRUE
96,2096,TRUE,FALSE,FALSE,TRUE,FALSE
97,2097,TRUE,FALSE,TRUE,FALSE,FALSE
98,2098,TRUE,TRUE,TRUE,TRUE,FALSE
99,2099,FALSE,FALSE,TRUE,FALSE,FALSE
100,2100,TRUE,TRUE,TRUE,TRUE,TRUE
101,2101,TRUE,TRUE,FALSE,FALSE,FALSE
102,2102,FALSE,TRUE,TRUE,TRUE,FALSE
103,2103,TRUE,FALSE,FALSE,FALSE,TRUE
104,2104,TRUE,TRUE,FALSE,TRUE,FALSE
105,2105,TRUE,FALSE,FALSE,FALSE,FALSE
106,2106,FALSE,TRUE,FALSE,FALSE,FALSE
107,2107,FALSE,FALSE,TRUE,TRUE,TRUE
108,2108,FALSE,FALSE,FALSE,FALSE,FALSE
109,2109,TRUE,FALSE,FALSE,TRUE,TRUE
110,2110,FALSE,FALSE,FALSE,FALSE,FALSE
111,2111,FALSE,TRUE,TRUE,FALSE,FALSE
112,2112,FALSE,TRUE,TRUE,FALSE,TRUE
113,2113,FALSE,TRUE,FALSE,FALSE,TRUE
114,2114,TRUE,TRUE,FALSE,FALSE,FALSE
115,2115,FALSE,FALSE,FALSE,FALSE,TRUE
116,2116,FALSE,TRUE,TRUE,TRUE,FALSE
117,2117,TRUE,FALSE,TRUE,FALSE,FALSE
118,2118,TRUE,FALSE,FALSE,TRUE,TRUE
119,2119,TRUE,FALSE,TRUE,TRUE,FALSE
120,2120,TRUE,FALSE,TRUE,TRUE,FALSE
121,2121,TRUE,TRUE,TRUE,FALSE,TRUE
122,2122,TRUE,TRUE,TRUE,TRUE,FALSE
123,2123,TRUE,FALSE,FALSE,FALSE,TRUE
124,2124,FALSE,TRUE,TRUE,TRUE,TRUE
125,2125,FALSE,TRUE,TRUE,FALSE,TRUE
126,2126,FALSE,TRUE,TRUE,TRUE,TRUE
127,2127,FALSE,TRUE,TRUE,TRUE,FALSE
128,2128,FALSE,TRUE,TRUE,FALSE,TRUE
129,2129,TRUE,TRUE,TRUE,TRUE,TRUE
130,2130,FALSE,TRUE,FALSE,FALSE,FALSE
131,2131,FALSE,FALSE,FALSE,TRUE,TRUE
132,2132,TRUE,TRUE,FALSE,FALSE,TRUE
133,2133,FALSE,TRUE,FALSE,FALSE,TRUE
134,2134,FALSE,FALSE,FALSE,TRUE,TRUE
135,2135,FALSE,TRUE,TRUE,TRUE,TRUE
136,2136,TRUE,FALSE,FALSE,FALSE,FALSE
137,2137,FALSE,TRUE,FALSE,FALSE,FALSE
138,2138,TRUE,FALSE,TRUE,TRUE,TRUE
139,2139,TRUE,FALSE,FALSE,FALSE,FALSE
140,2140,FALSE,FALSE,FALSE,TRUE,TRUE
141,2141,TRUE,FALSE,FALSE,TRUE,TRUE
142,2142,TRUE,FALSE,TRUE,FALSE,TRUE
143,2143,TRUE,FALSE,TRUE,FALSE,TRUE
144,2144,FALSE,FALSE,TRUE,TRUE,FALSE
145,2145,TRUE,TRUE,FALSE,TRUE,TRUE
146,2146,FALSE,FALSE,FALSE,TRUE,FALSE
147,2147,TRUE,TRUE,TRUE,TRUE,TRUE
148,2148,FALSE,TRUE,FALSE,FALSE,TRUE
149,2149,TRUE,FALSE,FALSE,TRUE,FALSE
150,2150,TRUE,TRUE,FALSE,TRUE,FALSE
151,2151,FALSE,TRUE,FALSE,TRUE,TRUE
152,2152,FALSE,TRUE,TRUE,FALSE,TRUE
153,2153,TRUE,TRUE,FALSE,FALSE,FALSE
154,2154,TRUE,TRUE,FALSE,TRUE,FALSE
155,2155,FALSE,TRUE,FALSE,FALSE,FALSE
156,2156,FALSE,FALSE,TRUE,FALSE,TRUE
157,2157,TRUE,TRUE,FALSE,TRUE,TRUE
158,2158,TRUE,FALSE,TRUE,FALSE,TRUE
159,2159,TRUE,FALSE,TRUE,FALSE,TRUE
160,2160,TRUE,TRUE,TRUE,FALSE,FALSE
161,2161,TRUE,TRUE,TRUE,FALSE,FALSE
162,2162,FALSE,FALSE,TRUE,FALSE,TRUE
163,2163,TRUE,TRUE,TRUE,TRUE,FALSE
164,2164,TRUE,TRUE,TRUE,TRUE,FALSE
165,2165,TRUE,FALSE,TRUE,FALSE,TRUE
166,2166,TRUE,TRUE,TRUE,TRUE,FALSE
167,2167,FALSE,TRUE,TRUE,TRUE,TRUE
168,2168,FALSE,TRUE,TRUE,FALSE,TRUE
169,2169,TRUE,TRUE,FALSE,TRUE,FALSE
170,2170,FALSE,TRUE,FALSE,TRUE,TRUE
171,2171,TRUE,FALSE,FALSE,TRUE,TRUE
172,2172,FALSE,TRUE,FALSE,TRUE,FALSE
173,2173,TRUE,TRUE,FALSE,FALSE,TRUE
174,2174,FALSE,FALSE,FALSE,FALSE,FALSE
175,2175,TRUE,FALSE,TRUE,TRUE,TRUE
176,2176,FALSE,TRUE,TRUE,FALSE,FALSE
177,2177,TRUE,FALSE,TRUE,TRUE,TRUE
178,2178,FALSE,TRUE,TRUE,TRUE,FALSE
179,2179,FALSE,TRUE,TRUE,TRUE,TRUE
180,2180,FALSE,TRUE,TRUE,TRUE,FALSE
181,2181,FALSE,FALSE,TRUE,FALSE,TRUE
182,2182,TRUE,TRUE,TRUE,FALSE,TRUE
183,2183,TRUE,FALSE,FALSE,FALSE,TRUE
184,2184,FALSE,TRUE,FALSE,TRUE,TRUE
185,2185,TRUE,FALSE,FALSE,FALSE,FALSE
186,2186,FALSE,FALSE,FALSE,FALSE,FALSE
187,2187,FALSE,TRUE,FALSE,FALSE,TRUE
188,2188,FALSE,FALSE,TRUE,FALSE,TRUE
189,2189,FALSE,TRUE,FALSE,TRUE,FALSE
190,2190,TRUE,TRUE,TRUE,FALSE,TRUE
191,2191,FALSE,TRUE,TRUE,FALSE,FALSE
192,2192,TRUE,FALSE,TRUE,FALSE,TRUE
193,2193,FALSE,FALSE,FALSE,TRUE,TRUE
194,2194,FALSE,FALSE,TRUE,FALSE,FALSE
195,2195,FALSE,FALSE,FALSE,TRUE,TRUE
196,2196,TRUE,FALSE,TRUE,TRUE,FALSE
197,2197,TRUE,TRUE,FALSE,FALSE,TRUE
198,2198,TRUE,TRUE,TRUE,TRUE,FALSE
199,2199,FALSE,TRUE,TRUE,TRUE,TRUE
200,2200,TRUE,FALSE,FALSE,TRUE,TRUE
201,2201,FALSE,TRUE,TRUE,FALSE,TRUE
202,2202,TRUE,TRUE,FALSE,FALSE,FALSE
203,2203,FALSE,FALSE,FALSE,TRUE,TRUE
204,2204,TRUE,FALSE,TRUE,FALSE,TRUE
205,2205,FALSE,TRUE,FALSE,FALSE,TRUE
206,2206,TRUE,FALSE,FALSE,TRUE,FALSE
207,2207,TRUE,FALSE,TRUE,TRUE,TRUE
208,2208,TRUE,TRUE,TRUE,FALSE,TRUE
209,2209,FALSE,FALSE,TRUE,TRUE,FALSE
210,2210,FALSE,TRUE,TRUE,FALSE,TRUE
211,2211,FALSE,FALSE,FALSE,FALSE,FALSE
212,2212,FALSE,TRUE,TRUE,FALSE,FALSE
213,2213,TRUE,FALSE,TRUE,FALSE,FALSE
214,2214,TRUE,FALSE,TRUE,TRUE,FALSE
215,2215,FALSE,FALSE,FALSE,FALSE,TRUE
216,2216,TRUE,TRUE,FALSE,FALSE,TRUE
217,2217,TRUE,FALSE,FALSE,FALSE,FALSE
218,2218,FALSE,TRUE,TRUE,FALSE,TRUE
219,2219,TRUE,FALSE,FALSE,TRUE,FALSE
220,2220,FALSE,TRUE,FALSE,FALSE,FALSE
221,2221,TRUE,TRUE,TRUE,TRUE,TRUE
222,2222,TRUE,FALSE,FALSE,FALSE,FALSE
223,2223,TRUE,FALSE,FALSE,FALSE,FALSE
224,2224,TRUE,FALSE,FALSE,TRUE,TRUE
225,2225,FALSE,TRUE,TRUE,FALSE,TRUE
226,2226,FALSE,TRUE,TRUE,TRUE,TRUE
227,2227,FALSE,FALSE,TRUE,TRUE,TRUE
228,2228,FALSE,TRUE,TRUE,TRUE,TRUE
229,2229,TRUE,TRUE,FALSE,TRUE,TRUE
230,2230,FALSE,TRUE,TRUE,TRUE,TRUE
231,2231,TRUE,FALSE,TRUE,TRUE,FALSE
232,2232,FALSE,TRUE,TRUE,FALSE,FALSE
233,2233,TRUE,FALSE,TRUE,FALSE,TRUE
234,2234,FALSE,TRUE,TRUE,TRUE,FALSE
235,2235,TRUE,TRUE,TRUE,TRUE,FALSE
236,2236,FALSE,TRUE,TRUE,FALSE,FALSE
237,2237,FALSE,FALSE,TRUE,FALSE,TRUE
238,2238,FALSE,FALSE,TRUE,FALSE,TRUE
239,2239,TRUE,FALSE,FALSE,FALSE,TRUE
240,2240,FALSE,FALSE,TRUE,FALSE,FALSE
241,2241,TRUE,FALSE,FALSE,FALSE,FALSE
242,2242,TRUE,FALSE,TRUE,TRUE,TRUE
243,2243,FALSE,FALSE,FALSE,FALSE,TRUE
244,2244,TRUE,TRUE,TRUE,TRUE,TRUE
245,2245,TRUE,FALSE,TRUE,FALSE,TRUE
246,2246,TRUE,TRUE,FALSE,TRUE,FALSE
247,2247,FALSE,FALSE,TRUE,FALSE,FALSE
248,2248,TRUE,FALSE,TRUE,TRUE,TRUE
249,2249,TRUE,FALSE,TRUE,TRUE,FALSE
250,2250,TRUE,TRUE,FALSE,FALSE,TRUE
251,2251,TRUE,FALSE,FALSE,FALSE,FALSE
252,2252,FALSE,TRUE,TRUE,TRUE,TRUE
253,2253,FALSE,TRUE,TRUE,FALSE,TRUE
254,2254,TRUE,FALSE,TRUE,TRUE,FALSE
255,2255,TRUE,TRUE,TRUE,FALSE,FALSE
256,2256,FALSE,FALSE,TRUE,TRUE,FALSE
257,2257,FALSE,TRUE,FALSE,TRUE,TRUE
258,2258,TRUE,TRUE,FALSE,TRUE,FALSE
259,2259,TRUE,TRUE,TRUE,FALSE,TRUE
260,2260,TRUE,FALSE,FALSE,TRUE,FALSE
261,2261,FALSE,TRUE,TRUE,TRUE,TRUE
262,2262,FALSE,TRUE,TRUE,TRUE,TRUE
263,2263,TRUE,FALSE,FALSE,TRUE,FALSE
264,2264,TRUE,TRUE,TRUE,FALSE,FALSE
265,2265,TRUE,FALSE,FALSE,FALSE,FALSE
266,2266,FALSE,FALSE,TRUE,FALSE,FALSE
267,2267,TRUE,FALSE,FALSE,FALSE,FALSE
268,2268,TRUE,TRUE,TRUE,TRUE,TRUE
269,2269,FALSE,TRUE,TRUE,FALSE,FALSE
270,2270,FALSE,TRUE,TRUE,FALSE,FALSE
271,2271,FALSE,TRUE,TRUE,FALSE,TRUE
272,2272,FALSE,TRUE,TRUE,TRUE,TRUE
273,2273,TRUE,TRUE,FALSE,TRUE,TRUE
274,2274,TRUE,FALSE,FALSE,TRUE,FALSE
275,2275,TRUE,FALSE,FALSE,TRUE,TRUE
276,2276,TRUE,TRUE,TRUE,FALSE,TRUE
277,2277,FALSE,TRUE,FALSE,FALSE,FALSE
278,2278,TRUE,TRUE,TRUE,FALSE,TRUE
279,2279,FALSE,FALSE,TRUE,TRUE,TRUE
280,2280,FALSE,FALSE,TRUE,FALSE,TRUE
281,2281,FALSE,TRUE,TRUE,FALSE,TRUE
282,2282,FALSE,TRUE,FALSE,FALSE,FALSE
283,2283,TRUE,FALSE,TRUE,TRUE,FALSE
284,2284,TRUE,TRUE,FALSE,FALSE,TRUE
285,2285,TRUE,FALSE,FALSE,FALSE,FALSE
286,2286,TRUE,FALSE,FALSE,TRUE,TRUE
287,2287,TRUE,FALSE,FALSE,FALSE,FALSE
288,2288,TRUE,FALSE,TRUE,FALSE,TRUE
289,2289,FALSE,FALSE,TRUE,TRUE,FALSE
290,2290,TRUE,TRUE,FALSE,TRUE,TRUE
291,2291,TRUE,TRUE,FALSE,FALSE,FALSE
292,2292,FALSE,TRUE,TRUE,FALSE,TRUE
293,2293,FALSE,FALSE,TRUE,TRUE,FALSE
294,2294,TRUE,FALSE,TRUE,TRUE,TRUE
295,2295,FALSE,FALSE,FALSE,FALSE,FALSE
296,2296,TRUE,FALSE,TRUE,FALSE,FALSE
297,2297,TRUE,FALSE,TRUE,TRUE,FALSE
298,2298,FALSE,TRUE,FALSE,FALSE,TRUE
299,2299,FALSE,FALSE,TRUE,TRUE,FALSE
300,2300,TRUE,TRUE,FALSE,FALSE,FALSE
301,2301,FALSE,TRUE,FALSE,TRUE,TRUE
302,2302,FALSE,FALSE,FALSE,TRUE,FALSE
303,2303,FALSE,TRUE,FALSE,FALSE,TRUE
304,2304,FALSE,TRUE,FALSE,TRUE,TRUE
305,2305,FALSE,TRUE,FALSE,TRUE,TRUE
306,2306,FALSE,FALSE,TRUE,TRUE,TRUE
307,2307,TRUE,FALSE,TRUE,TRUE,TRUE
308,2308,TRUE,FALSE,FALSE,TRUE,FALSE
309,2309,FALSE,TRUE,FALSE,TRUE,FALSE
310,2310,FALSE,TRUE,FALSE,TRUE,FALSE
311,2311,FALSE,TRUE,FALSE,FALSE,TRUE
312,2312,TRUE,TRUE,FALSE,FALSE,FALSE
313,2313,FALSE,FALSE,TRUE,TRUE,TRUE
314,2314,FALSE,TRUE,TRUE,FALSE,FALSE
315,2315,TRUE,FALSE,TRUE,TRUE,TRUE
316,2316,FALSE,FALSE,FALSE,TRUE,FALSE
317,2317,FALSE,TRUE,TRUE,TRUE,FALSE
318,2318,FALSE,TRUE,TRUE,FALSE,FALSE
319,2319,FALSE,FALSE,FALSE,TRUE,FALSE
320,2320,FALSE,TRUE,FALSE,FALSE,TRUE
321,2321,FALSE,FALSE,TRUE,FALSE,TRUE
322,2322,FALSE,TRUE,TRUE,TRUE,TRUE
323,2323,FALSE,TRUE,TRUE,TRUE,TRUE
324,2324,TRUE,TRUE,FALSE,FALSE,TRUE
325,2325,TRUE,FALSE,FALSE,TRUE,TRUE
326,2326,FALSE,TRUE,FALSE,FALSE,TRUE
327,2327,FALSE,TRUE,TRUE,TRUE,FALSE
328,2328,FALSE,FALSE,TRUE,TRUE,FALSE
329,2329,TRUE,TRUE,FALSE,TRUE,TRUE
330,2330,TRUE,TRUE,FALSE,FALSE,FALSE
331,2331,TRUE,TRUE,TRUE,TRUE,TRUE
332,2332,FALSE,TRUE,FALSE,TRUE,FALSE
333,2333,TRUE,TRUE,TRUE,FALSE,TRUE
334,2334,FALSE,TRUE,TRUE,FALSE,TRUE
335,2335,FALSE,TRUE,TRUE,TRUE,TRUE
336,2336,TRUE,TRUE,FALSE,FALSE,TRUE
337,2337,FALSE,FALSE,FALSE,TRUE,FALSE
338,2338,FALSE,FALSE,FALSE,FALSE,FALSE
339,2339,FALSE,FALSE,TRUE,TRUE,TRUE
340,2340,FALSE,TRUE,TRUE,TRUE,FALSE
341,2341,FALSE,TRUE,FALSE,TRUE,FALSE
342,2342,FALSE,TRUE,TRUE,TRUE,TRUE
343,2343,TRUE,FALSE,FALSE,FALSE,FALSE
344,2344,FALSE,TRUE,TRUE,TRUE,TRUE
345,2345,TRUE,TRUE,TRUE,FALSE,FALSE
346,2346,TRUE,FALSE,FALSE,FALSE,TRUE
347,2347,TRUE,TRUE,TRUE,FALSE,TRUE
348,2348,TRUE,FALSE,FALSE,TRUE,FALSE
349,2349,TRUE,FALSE,TRUE,TRUE,TRUE
350,2350,FALSE,TRUE,FALSE,FALSE,FALSE
351,2351,FALSE,TRUE,TRUE,FALSE,FALSE
352,2352,FALSE,TRUE,FALSE,TRUE,FALSE
353,2353,FALSE,TRUE,FALSE,FALSE,FALSE
354,2354,TRUE,TRUE,TRUE,FALSE,TRUE
355,2355,FALSE,TRUE,TRUE,FALSE,FALSE
356,2356,FALSE,FALSE,FALSE,FALSE,TRUE
357,2357,FALSE,TRUE,TRUE,TRUE,FALSE
358,2358,TRUE,FALSE,TRUE,FALSE,TRUE
359,2359,TRUE,TRUE,FALSE,TRUE,FALSE
360,2360,FALSE,FALSE,FALSE,FALSE,TRUE
361,2361,FALSE,FALSE,FALSE,TRUE,TRUE
362,2362,TRUE,TRUE,FALSE,TRUE,FALSE
363,2363,TRUE,FALSE,TRUE,TRUE,TRUE
364,2364,TRUE,FALSE,TRUE,FALSE,FALSE
365,2365,TRUE,TRUE,TRUE,FALSE,FALSE
366,2366,TRUE,TRUE,FALSE,TRUE,FALSE
367,2367,TRUE,TRUE,TRUE,FALSE,FALSE
368,2368,FALSE,FALSE,FALSE,TRUE,TRUE
369,2369,TRUE,FALSE,TRUE,FALSE,TRUE
370,2370,TRUE,TRUE,TRUE,TRUE,TRUE
371,2371,TRUE,TRUE,FALSE,FALSE,TRUE
372,2372,FALSE,FALSE,TRUE,TRUE,FALSE
373,2373,FALSE,TRUE,TRUE,FALSE,TRUE
374,2374,FALSE,TRUE,FALSE,FALSE,FALSE
375,2375,TRUE,FALSE,FALSE,FALSE,TRUE
376,2376,FALSE,FALSE,FALSE,FALSE,TRUE
377,2377,FALSE,FALSE,TRUE,TRUE,TRUE
378,2378,TRUE,TRUE,FALSE,FALSE,FALSE
379,2379,TRUE,TRUE,FALSE,TRUE,FALSE
380,2380,FALSE,TRUE,FALSE,TRUE,TRUE
381,2381,TRUE,TRUE,FALSE,FALSE,FALSE
382,2382,TRUE,TRUE,TRUE,FALSE,FALSE
383,2383,FALSE,FALSE,TRUE,TRUE,TRUE
384,2384,TRUE,FALSE,FALSE,TRUE,TRUE
385,2385,FALSE,TRUE,FALSE,TRUE,FALSE
386,2386,TRUE,FALSE,TRUE,TRUE,FALSE
387,2387,TRUE,FALSE,TRUE,TRUE,FALSE
388,2388,TRUE,FALSE,TRUE,FALSE,TRUE
389,2389,TRUE,FALSE,FALSE,FALSE,TRUE
390,2390,FALSE,TRUE,TRUE,FALSE,TRUE
391,2391,TRUE,FALSE,FALSE,FALSE,TRUE
392,2392,FALSE,TRUE,FALSE,TRUE,TRUE
393,2393,TRUE,TRUE,TRUE,FALSE,TRUE
394,2394,FALSE,FALSE,TRUE,TRUE,FALSE
395,2395,TRUE,FALSE,TRUE,TRUE,TRUE
396,2396,FALSE,TRUE,FALSE,FALSE,TRUE
397,2397,TRUE,FALSE,TRUE,TRUE,TRUE
398,2398,FALSE,FALSE,TRUE,TRUE,FALSE
399,2399,TRUE,FALSE,FALSE,TRUE,FALSE
400,2400,TRUE,FALSE,FALSE,FALSE,FALSE
401,2401,TRUE,FALSE,FALSE,FALSE,TRUE
402,2402,TRUE,TRUE,FALSE,TRUE,TRUE
403,2403,FALSE,FALSE,FALSE,FALSE,FALSE
404,2404,FALSE,TRUE,FALSE,FALSE,FALSE
405,2405,TRUE,TRUE,FALSE,TRUE,TRUE
406,2406,TRUE,FALSE,TRUE,TRUE,FALSE
407,2407,TRUE,TRUE,FALSE,FALSE,TRUE
408,2408,FALSE,TRUE,FALSE,TRUE,FALSE
409,2409,FALSE,FALSE,FALSE,TRUE,FALSE
410,2410,TRUE,TRUE,TRUE,TRUE,FALSE
411,2411,FALSE,FALSE,FALSE,FALSE,FALSE
412,2412,TRUE,FALSE,FALSE,TRUE,FALSE
413,2413,TRUE,FALSE,TRUE,TRUE,TRUE
414,2414,TRUE,FALSE,TRUE,FALSE,FALSE
415,2415,FALSE,FALSE,TRUE,FALSE,TRUE
416,2416,TRUE,FALSE,FALSE,FALSE,TRUE
417,2417,TRUE,FALSE,FALSE,FALSE,TRUE
418,2418,TRUE,FALSE,FALSE,TRUE,TRUE
419,2419,FALSE,TRUE,FALSE,FALSE,TRUE
420,2420,FALSE,TRUE,TRUE,TRUE,TRUE
421,2421,FALSE,TRUE,FALSE,FALSE,TRUE
422,2422,TRUE,TRUE,FALSE,FALSE,TRUE
423,2423,TRUE,FALSE,TRUE,TRUE,TRUE
424,2424,FALSE,FALSE,FALSE,FALSE,FALSE
425,2425,TRUE,TRUE,FALSE,TRUE,TRUE
426,2426,TRUE,FALSE,TRUE,TRUE,TRUE
427,2427,FALSE,FALSE,FALSE,FALSE,FALSE
428,2428,FALSE,TRUE,TRUE,FALSE,TRUE
429,2429,TRUE,FALSE,FALSE,FALSE,FALSE
430,2430,TRUE,FALSE,FALSE,TRUE,TRUE
431,2431,FALSE,FALSE,TRUE,FALSE,TRUE
432,2432,FALSE,FALSE,FALSE,FALSE,FALSE
433,2433,TRUE,TRUE,FALSE,TRUE,FALSE
434,2434,FALSE,FALSE,TRUE,TRUE,FALSE
435,2435,FALSE,FALSE,FALSE,TRUE,TRUE
436,2436,FALSE,FALSE,TRUE,FALSE,FALSE
437,2437,TRUE,TRUE,TRUE,FALSE,FALSE
438,2438,TRUE,TRUE,FALSE,TRUE,TRUE
439,2439,FALSE,TRUE,FALSE,TRUE,FALSE
440,2440,FALSE,TRUE,TRUE,FALSE,FALSE
441,2441,TRUE,FALSE,TRUE,TRUE,FALSE
442,2442,TRUE,FALSE,TRUE,FALSE,FALSE
443,2443,FALSE,FALSE,TRUE,TRUE,TRUE
444,2444,FALSE,FALSE,TRUE,FALSE,FALSE
445,2445,TRUE,FALSE,TRUE,TRUE,FALSE
446,2446,TRUE,TRUE,FALSE,TRUE,TRUE
447,2447,TRUE,FALSE,TRUE,FALSE,TRUE
448,2448,TRUE,TRUE,FALSE,FALSE,FALSE
449,2449,TRUE,FALSE,TRUE,FALSE,FALSE
450,2450,TRUE,FALSE,FALSE,FALSE,FALSE
451,2451,TRUE,FALSE,FALSE,FALSE,FALSE
452,2452,FALSE,TRUE,TRUE,TRUE,FALSE
453,2453,FALSE,TRUE,TRUE,FALSE,FALSE
454,2454,FALSE,FALSE,TRUE,TRUE,TRUE
455,2455,TRUE,TRUE,TRUE,FALSE,TRUE
456,2456,FALSE,TRUE,FALSE,TRUE,TRUE
457,2457,FALSE,FALSE,TRUE,FALSE,FALSE
458,2458,TRUE,TRUE,TRUE,FALSE,TRUE
459,2459,TRUE,FALSE,TRUE,FALSE,TRUE
460,2460,FALSE,TRUE,FALSE,FALSE,FALSE
461,2461,FALSE,FALSE,FALSE,FALSE,FALSE
462,2462,FALSE,FALSE,FALSE,TRUE,FALSE
463,2463,FALSE,TRUE,TRUE,TRUE,TRUE
464,2464,FALSE,TRUE,TRUE,FALSE,TRUE
465,2465,FALSE,TRUE,FALSE,FALSE,FALSE
466,2466,TRUE,FALSE,TRUE,FALSE,TRUE
467,2467,FALSE,TRUE,TRUE,TRUE,TRUE
468,2468,FALSE,FALSE,FALSE,TRUE,FALSE
469,2469,TRUE,FALSE,FALSE,TRUE,TRUE
470,2470,TRUE,TRUE,TRUE,FALSE,FALSE
471,2471,TRUE,TRUE,FALSE,FALSE,FALSE
472,2472,FALSE,TRUE,TRUE,FALSE,FALSE
473,2473,TRUE,FALSE,TRUE,FALSE,TRUE
474,2474,TRUE,FALSE,TRUE,FALSE,TRUE
475,2475,TRUE,TRUE,FALSE,TRUE,TRUE
476,2476,FALSE,TRUE,FALSE,TRUE,FALSE
477,2477,FALSE,TRUE,TRUE,TRUE,TRUE
478,2478,TRUE,TRUE,FALSE,TRUE,TRUE
479,2479,TRUE,FALSE,TRUE,FALSE,FALSE
480,2480,TRUE,TRUE,TRUE,FALSE,TRUE
481,2481,FALSE,FALSE,TRUE,TRUE,TRUE
482,2482,FALSE,TRUE,TRUE,TRUE,TRUE
483,2483,TRUE,FALSE,TRUE,FALSE,TRUE
484,2484,TRUE,TRUE,FALSE,TRUE,FALSE
485,2485,TRUE,TRUE,TRUE,TRUE,FALSE
486,2486,TRUE,TRUE,FALSE,TRUE,TRUE
487,2487,FALSE,FALSE,TRUE,FALSE,FALSE
488,2488,TRUE,TRUE,FALSE,FALSE,FALSE
489,2489,TRUE,FALSE,TRUE,TRUE,TRUE
490,2490,FALSE,TRUE,TRUE,FALSE,FALSE
491,2491,FALSE,TRUE,TRUE,FALSE,FALSE
492,2492,FALSE,FALSE,FALSE,TRUE,FALSE
493,2493,FALSE,FALSE,FALSE,TRUE,FALSE
494,2494,FALSE,FALSE,FALSE,TRUE,FALSE
495,2495,TRUE,TRUE,TRUE,FALSE,FALSE
496,2496,FALSE,FALSE,FALSE,TRUE,FALSE
497,2497,FALSE,TRUE,FALSE,TRUE,TRUE
498,2498,FALSE,FALSE,FALSE,FALSE,TRUE
499,2499,TRUE,TRUE,FALSE,TRUE,FALSE
500,2500,FALSE,TRUE,FALSE,TRUE,FALSE
501,2501,TRUE,FALSE,FALSE,TRUE,FALSE
502,2502,TRUE,TRUE,TRUE,TRUE,TRUE
503,2503,TRUE,FALSE,FALSE,FALSE,FALSE
504,2504,TRUE,FALSE,TRUE,FALSE,FALSE
505,2505,FALSE,FALSE,TRUE,FALSE,FALSE
506,2506,TRUE,TRUE,TRUE,TRUE,FALSE
507,2507,TRUE,FALSE,TRUE,FALSE,TRUE
508,2508,TRUE,FALSE,TRUE,TRUE,FALSE
509,2509,FALSE,TRUE,FALSE,FALSE,TRUE
510,2510,FALSE,FALSE,FALSE,FALSE,FALSE
511,2511,FALSE,FALSE,TRUE,TRUE,FALSE
512,2512,TRUE,FALSE,TRUE,FALSE,TRUE
513,2513,FALSE,TRUE,TRUE,FALSE,FALSE
514,2514,TRUE,FALSE,FALSE,TRUE,FALSE
515,2515,TRUE,FALSE,FALSE,FALSE,TRUE
516,2516,FALSE,TRUE,TRUE,FALSE,TRUE
517,2517,TRUE,TRUE,TRUE,FALSE,TRUE
518,2518,FALSE,FALSE,FALSE,TRUE,TRUE
519,2519,TRUE,TRUE,TRUE,TRUE,FALSE
520,2520,TRUE,FALSE,FALSE,FALSE,TRUE
521,2521,FALSE,FALSE,FALSE,TRUE,TRUE
522,2522,FALSE,TRUE,FALSE,TRUE,FALSE
523,2523,FALSE,TRUE,TRUE,FALSE,TRUE
524,2524,FALSE,FALSE,TRUE,TRUE,FALSE
525,2525,TRUE,TRUE,FALSE,TRUE,FALSE
526,2526,FALSE,TRUE,FALSE,TRUE,TRUE
527,2527,TRUE,FALSE,TRUE,TRUE,TRUE
528,2528,FALSE,TRUE,FALSE,TRUE,FALSE
529,2529,FALSE,FALSE,FALSE,FALSE,TRUE
530,2530,FALSE,FALSE,FALSE,FALSE,FALSE
531,2531,FALSE,FALSE,TRUE,TRUE,FALSE
532,2532,FALSE,FALSE,FALSE,TRUE,FALSE
533,2533,TRUE,FALSE,TRUE,TRUE,TRUE
534,2534,TRUE,TRUE,FALSE,TRUE,FALSE
535,2535,FALSE,TRUE,TRUE,FALSE,TRUE
536,2536,TRUE,FALSE,TRUE,TRUE,TRUE
537,2537,TRUE,FALSE,TRUE,FALSE,TRUE
538,2538,FALSE,FALSE,TRUE,TRUE,FALSE
539,2539,FALSE,TRUE,TRUE,FALSE,FALSE
540,2540,TRUE,TRUE,FALSE,TRUE,TRUE
541,2541,FALSE,FALSE,TRUE,FALSE,FALSE
542,2542,FALSE,TRUE,TRUE,TRUE,FALSE
543,2543,TRUE,FALSE,TRUE,FALSE,FALSE
544,2544,FALSE,TRUE,FALSE,TRUE,TRUE
545,2545,FALSE,TRUE,FALSE,FALSE,TRUE
546,2546,FALSE,FALSE,TRUE,FALSE,FALSE
547,2547,FALSE,FALSE,TRUE,TRUE,FALSE
548,2548,TRUE,FALSE,FALSE,FALSE,FALSE
549,2549,TRUE,FALSE,FALSE,FALSE,FALSE
550,2550,TRUE,TRUE,FALSE,FALSE,FALSE
551,2551,TRUE,TRUE,TRUE,FALSE,FALSE
552,2552,FALSE,FALSE,FALSE,TRUE,FALSE
553,2553,FALSE,TRUE,FALSE,FALSE,FALSE
554,2554,FALSE,TRUE,FALSE,TRUE,FALSE
555,2555,TRUE,FALSE,FALSE,TRUE,TRUE
556,2556,FALSE,FALSE,FALSE,FALSE,TRUE
557,2557,FALSE,FALSE,FALSE,TRUE,FALSE
558,2558,TRUE,TRUE,TRUE,FALSE,TRUE
559,2559,FALSE,TRUE,FALSE,FALSE,TRUE
560,2560,TRUE,TRUE,FALSE,FALSE,TRUE
561,2561,TRUE,TRUE,FALSE,TRUE,FALSE
562,2562,TRUE,TRUE,FALSE,FALSE,TRUE
563,2563,FALSE,TRUE,TRUE,TRUE,TRUE
564,2564,FALSE,TRUE,FALSE,FALSE,FALSE
565,2565,FALSE,TRUE,TRUE,TRUE,TRUE
566,2566,TRUE,TRUE,FALSE,TRUE,FALSE
567,2567,TRUE,TRUE,TRUE,FALSE,FALSE
568,2568,TRUE,FALSE,TRUE,TRUE,TRUE
569,2569,FALSE,TRUE,TRUE,TRUE,TRUE
570,2570,TRUE,TRUE,TRUE,TRUE,FALSE
571,2571,TRUE,FALSE,TRUE,TRUE,FALSE
572,2572,TRUE,TRUE,FALSE,FALSE,FALSE
573,2573,FALSE,FALSE,FALSE,FALSE,FALSE
574,2574,TRUE,FALSE,FALSE,FALSE,FALSE
575,2575,FALSE,TRUE,FALSE,FALSE,FALSE
576,2576,FALSE,TRUE,FALSE,FALSE,TRUE
577,2577,TRUE,FALSE,FALSE,FALSE,FALSE
578,2578,TRUE,FALSE,FALSE,FALSE,FALSE
579,2579,TRUE,TRUE,TRUE,TRUE,TRUE
580,2580,FALSE,FALSE,TRUE,TRUE,TRUE
581,2581,FALSE,TRUE,FALSE,TRUE,FALSE
582,2582,TRUE,TRUE,TRUE,FALSE,TRUE
583,2583,TRUE,TRUE,TRUE,TRUE,TRUE
584,2584,FALSE,TRUE,FALSE,TRUE,TRUE
585,2585,FALSE,TRUE,TRUE,FALSE,FALSE
586,2586,TRUE,FALSE,FALSE,TRUE,TRUE
587,2587,TRUE,TRUE,FALSE,TRUE,FALSE
588,2588,TRUE,FALSE,FALSE,FALSE,FALSE
589,2589,FALSE,FALSE,TRUE,FALSE,FALSE
590,2590,TRUE,FALSE,FALSE,FALSE,TRUE
591,2591,FALSE,TRUE,FALSE,TRUE,FALSE
592,2592,TRUE,TRUE,FALSE,FALSE,TRUE
593,2593,FALSE,FALSE,FALSE,TRUE,TRUE
594,2594,FALSE,TRUE,TRUE,TRUE,TRUE
595,2595,TRUE,TRUE,FALSE,FALSE,FALSE
596,2596,FALSE,FALSE,TRUE,FALSE,FALSE
597,2597,TRUE,FALSE,FALSE,TRUE,TRUE
598,2598,TRUE,FALSE,TRUE,TRUE,TRUE
599,2599,FALSE,FALSE,FALSE,FALSE,FALSE
600,2600,TRUE,FALSE,FALSE,TRUE,TRUE
601,2601,FALSE,FALSE,TRUE,FALSE,TRUE
602,2602,TRUE,FALSE,FALSE,TRUE,FALSE
603,2603,FALSE,TRUE,FALSE,TRUE,FALSE
604,2604,TRUE,TRUE,TRUE,TRUE,FALSE
605,2605,TRUE,TRUE,FALSE,TRUE,TRUE
606,2606,FALSE,TRUE,TRUE,TRUE,TRUE
607,2607,FALSE,FALSE,TRUE,FALSE,TRUE
608,2608,FALSE,TRUE,FALSE,TRUE,TRUE
609,2609,TRUE,TRUE,TRUE,TRUE,FALSE
610,2610,TRUE,FALSE,TRUE,TRUE,FALSE
611,2611,FALSE,FALSE,TRUE,TRUE,FALSE
612,2612,TRUE,TRUE,TRUE,TRUE,TRUE
613,2613,FALSE,FALSE,FALSE,TRUE,TRUE
614,2614,TRUE,TRUE,FALSE,FALSE,TRUE
615,2615,TRUE,TRUE,TRUE,FALSE,TRUE
616,2616,FALSE,TRUE,FALSE,TRUE,FALSE
617,2617,TRUE,FALSE,TRUE,FALSE,TRUE
618,2618,TRUE,TRUE,TRUE,TRUE,TRUE
619,2619,TRUE,FALSE,FALSE,TRUE,TRUE
620,2620,FALSE,FALSE,TRUE,FALSE,TRUE
621,2621,TRUE,FALSE,TRUE,TRUE,TRUE
622,2622,TRUE,FALSE,TRUE,FALSE,FALSE
623,2623,TRUE,TRUE,FALSE,TRUE,FALSE
624,2624,FALSE,TRUE,FALSE,TRUE,FALSE
625,2625,FALSE,TRUE,FALSE,FALSE,TRUE
626,2626,TRUE,FALSE,TRUE,FALSE,FALSE
627,2627,TRUE,TRUE,FALSE,TRUE,FALSE
628,2628,FALSE,FALSE,FALSE,FALSE,TRUE
629,2629,TRUE,FALSE,FALSE,TRUE,TRUE
630,2630,FALSE,FALSE,TRUE,FALSE,TRUE
631,2631,TRUE,TRUE,FALSE,FALSE,FALSE
632,2632,TRUE,TRUE,TRUE,TRUE,FALSE
633,2633,TRUE,FALSE,FALSE,FALSE,TRUE
634,2634,TRUE,TRUE,TRUE,TRUE,FALSE
635,2635,FALSE,TRUE,TRUE,TRUE,TRUE
636,2636,TRUE,FALSE,TRUE,FALSE,FALSE
637,2637,TRUE,TRUE,TRUE,TRUE,FALSE
638,2638,FALSE,FALSE,FALSE,TRUE,TRUE
639,2639,TRUE,FALSE,FALSE,TRUE,TRUE
640,2640,FALSE,TRUE,FALSE,FALSE,FALSE
641,2641,FALSE,TRUE,TRUE,TRUE,FALSE
642,2642,TRUE,FALSE,TRUE,FALSE,TRUE
643,2643,FALSE,TRUE,TRUE,TRUE,TRUE
644,2644,TRUE,TRUE,FALSE,FALSE,FALSE
645,2645,TRUE,FALSE,FALSE,TRUE,FALSE
646,2646,FALSE,TRUE,FALSE,TRUE,FALSE
647,2647,TRUE,TRUE,FALSE,FALSE,TRUE
648,2648,TRUE,TRUE,TRUE,FALSE,FALSE
649,2649,TRUE,TRUE,FALSE,TRUE,TRUE
650,2650,TRUE,FALSE,TRUE,FALSE,FALSE
651,2651,FALSE,FALSE,FALSE,FALSE,TRUE
652,2652,FALSE,FALSE,FALSE,TRUE,TRUE
653,2653,TRUE,TRUE,TRUE,TRUE,TRUE
654,2654,FALSE,FALSE,TRUE,TRUE,TRUE
655,2655,TRUE,TRUE,FALSE,TRUE,FALSE
656,2656,TRUE,FALSE,TRUE,TRUE,TRUE
657,2657,FALSE,TRUE,TRUE,FALSE,TRUE
658,2658,TRUE,FALSE,FALSE,TRUE,FALSE
659,2659,FALSE,FALSE,FALSE,FALSE,TRUE
660,2660,FALSE,TRUE,FALSE,TRUE,TRUE
661,2661,TRUE,TRUE,FALSE,FALSE,TRUE
662,2662,TRUE,FALSE,TRUE,TRUE,TRUE
663,2663,TRUE,TRUE,FALSE,TRUE,FALSE
664,2664,FALSE,TRUE,FALSE,TRUE,TRUE
665,2665,TRUE,FALSE,TRUE,TRUE,TRUE
666,2666,FALSE,FALSE,FALSE,TRUE,FALSE
667,2667,TRUE,FALSE,TRUE,TRUE,FALSE
668,2668,TRUE,FALSE,TRUE,TRUE,TRUE
669,2669,TRUE,FALSE,TRUE,FALSE,TRUE
670,2670,FALSE,TRUE,FALSE,TRUE,TRUE
671,2671,TRUE,TRUE,TRUE,FALSE,FALSE
672,2672,FALSE,FALSE,TRUE,TRUE,TRUE
673,2673,FALSE,FALSE,FALSE,FALSE,FALSE
674,2674,TRUE,TRUE,FALSE,TRUE,FALSE
675,2675,FALSE,TRUE,FALSE,FALSE,TRUE
676,2676,FALSE,FALSE,TRUE,FALSE,FALSE
677,2677,FALSE,FALSE,FALSE,FALSE,TRUE
678,2678,TRUE,FALSE,TRUE,TRUE,FALSE
679,2679,TRUE,TRUE,TRUE,TRUE,TRUE
680,2680,FALSE,TRUE,FALSE,TRUE,FALSE
681,2681,FALSE,FALSE,FALSE,FALSE,TRUE
682,2682,FALSE,FALSE,FALSE,FALSE,TRUE
683,2683,TRUE,FALSE,FALSE,FALSE,TRUE
684,2684,FALSE,TRUE,FALSE,TRUE,FALSE
685,2685,TRUE,TRUE,FALSE,FALSE,TRUE
686,2686,FALSE,TRUE,FALSE,TRUE,FALSE
687,2687,TRUE,FALSE,TRUE,TRUE,TRUE
688,2688,TRUE,FALSE,FALSE,TRUE,TRUE
689,2689,FALSE,FALSE,FALSE,FALSE,FALSE
690,2690,FALSE,TRUE,FALSE,FALSE,TRUE
691,2691,FALSE,FALSE,TRUE,FALSE,TRUE
692,2692,TRUE,TRUE,TRUE,FALSE,TRUE
693,2693,TRUE,TRUE,FALSE,TRUE,FALSE
694,2694,FALSE,FALSE,TRUE,FALSE,TRUE
695,2695,FALSE,FALSE,FALSE,FALSE,TRUE
696,2696,FALSE,FALSE,FALSE,TRUE,TRUE
697,2697,TRUE,TRUE,TRUE,TRUE,FALSE
698,2698,FALSE,TRUE,TRUE,FALSE,TRUE
699,2699,TRUE,TRUE,TRUE,TRUE,TRUE
700,2700,TRUE,TRUE,TRUE,FALSE,TRUE
701,2701,TRUE,TRUE,TRUE,FALSE,FALSE
702,2702,FALSE,FALSE,TRUE,TRUE,TRUE
703,2703,FALSE,FALSE,FALSE,TRUE,FALSE
704,2704,TRUE,FALSE,TRUE,TRUE,FALSE
705,2705,TRUE,TRUE,FALSE,FALSE,FALSE
706,2706,FALSE,FALSE,TRUE,FALSE,TRUE
707,2707,TRUE,FALSE,FALSE,FALSE,FALSE
708,2708,FALSE,TRUE,FALSE,TRUE,TRUE
709,2709,FALSE,FALSE,TRUE,TRUE,TRUE
710,2710,FALSE,TRUE,FALSE,TRUE,FALSE
711,2711,FALSE,TRUE,FALSE,FALSE,FALSE
712,2712,TRUE,TRUE,FALSE,TRUE,TRUE
713,2713,TRUE,FALSE,FALSE,TRUE,TRUE
714,2714,FALSE,TRUE,TRUE,FALSE,TRUE
715,2715,TRUE,FALSE,TRUE,TRUE,FALSE
716,2716,TRUE,FALSE,TRUE,TRUE,FALSE
717,2717,FALSE,TRUE,FALSE,FALSE,TRUE
718,2718,TRUE,FALSE,TRUE,TRUE,FALSE
719,2719,FALSE,FALSE,FALSE,TRUE,FALSE
720,2720,FALSE,TRUE,TRUE,FALSE,TRUE
721,2721,FALSE,TRUE,TRUE,TRUE,FALSE
722,2722,FALSE,FALSE,FALSE,FALSE,FALSE
723,2723,FALSE,TRUE,FALSE,FALSE,FALSE
724,2724,FALSE,TRUE,FALSE,FALSE,FALSE
725,2725,TRUE,TRUE,FALSE,TRUE,FALSE
726,2726,FALSE,FALSE,TRUE,TRUE,TRUE
727,2727,FALSE,TRUE,TRUE,FALSE,FALSE
728,2728,FALSE,TRUE,TRUE,FALSE,TRUE
729,2729,TRUE,FALSE,FALSE,FALSE,FALSE
730,2730,FALSE,FALSE,TRUE,FALSE,TRUE
731,2731,TRUE,FALSE,FALSE,FALSE,TRUE
732,2732,TRUE,FALSE,FALSE,TRUE,TRUE
733,2733,FALSE,TRUE,FALSE,FALSE,FALSE
734,2734,TRUE,FALSE,FALSE,TRUE,TRUE
735,2735,TRUE,FALSE,TRUE,TRUE,TRUE
736,2736,TRUE,TRUE,FALSE,TRUE,FALSE
737,2737,FALSE,TRUE,FALSE,TRUE,FALSE
738,2738,TRUE,FALSE,FALSE,FALSE,TRUE
739,2739,TRUE,FALSE,FALSE,TRUE,FALSE
740,2740,TRUE,TRUE,FALSE,TRUE,TRUE
741,2741,FALSE,FALSE,FALSE,TRUE,FALSE
742,2742,FALSE,TRUE,FALSE,TRUE,FALSE
743,2743,TRUE,TRUE,FALSE,TRUE,FALSE
744,2744,TRUE,FALSE,FALSE,FALSE,FALSE
745,2745,FALSE,TRUE,FALSE,FALSE,TRUE
746,2746,TRUE,FALSE,TRUE,FALSE,FALSE
747,2747,FALSE,TRUE,TRUE,FALSE,FALSE
748,2748,TRUE,TRUE,TRUE,TRUE,TRUE
749,2749,TRUE,FALSE,TRUE,FALSE,FALSE
750,2750,TRUE,FALSE,FALSE,FALSE,FALSE
751,2751,TRUE,FALSE,TRUE,FALSE,TRUE
752,2752,FALSE,TRUE,TRUE,TRUE,FALSE
753,2753,FALSE,FALSE,TRUE,FALSE,FALSE
754,2754,TRUE,FALSE,TRUE,TRUE,FALSE
755,2755,FALSE,FALSE,FALSE,TRUE,TRUE
756,2756,FALSE,TRUE,TRUE,FALSE,FALSE
757,2757,TRUE,TRUE,FALSE,FALSE,TRUE
758,2758,FALSE,FALSE,TRUE,TRUE,TRUE
759,2759,FALSE,TRUE,TRUE,TRUE,TRUE
760,2760,TRUE,FALSE,FALSE,TRUE,FALSE
761,2761,FALSE,FALSE,TRUE,FALSE,TRUE
762,2762,TRUE,TRUE,FALSE,TRUE,TRUE
763,2763,FALSE,TRUE,TRUE,TRUE,TRUE
764,2764,TRUE,TRUE,TRUE,FALSE,TRUE
765,2765,FALSE,FALSE,TRUE,TRUE,TRUE
766,2766,TRUE,FALSE,FALSE,FALSE,TRUE
767,2767,FALSE,TRUE,FALSE,FALSE,TRUE
768,2768,FALSE,FALSE,TRUE,TRUE,FALSE
769,2769,FALSE,FALSE,FALSE,TRUE,TRUE
770,2770,FALSE,FALSE,TRUE,FALSE,FALSE
771,2771,FALSE,TRUE,TRUE,FALSE,TRUE
772,2772,FALSE,FALSE,FALSE,FALSE,TRUE
773,2773,TRUE,FALSE,TRUE,TRUE,TRUE
774,2774,FALSE,FALSE,FALSE,TRUE,FALSE
775,2775,FALSE,TRUE,TRUE,FALSE,FALSE
776,2776,FALSE,FALSE,TRUE,TRUE,TRUE
777,2777,FALSE,FALSE,TRUE,TRUE,FALSE
778,2778,FALSE,TRUE,FALSE,FALSE,TRUE
779,2779,TRUE,TRUE,TRUE,TRUE,TRUE
780,2780,TRUE,FALSE,FALSE,FALSE,TRUE
781,2781,TRUE,TRUE,TRUE,FALSE,TRUE
782,2782,TRUE,FALSE,FALSE,FALSE,TRUE
783,2783,FALSE,FALSE,FALSE,TRUE,FALSE
784,2784,TRUE,TRUE,FALSE,TRUE,TRUE
785,2785,TRUE,TRUE,FALSE,TRUE,FALSE
786,2786,TRUE,TRUE,FALSE,FALSE,FALSE
787,2787,FALSE,FALSE,TRUE,FALSE,TRUE
788,2788,TRUE,TRUE,TRUE,FALSE,FALSE
789,2789,TRUE,FALSE,FALSE,FALSE,FALSE
790,2790,TRUE,FALSE,TRUE,TRUE,FALSE
791,2791,FALSE,TRUE,TRUE,FALSE,FALSE
792,2792,TRUE,TRUE,TRUE,FALSE,FALSE
793,2793,FALSE,TRUE,FALSE,TRUE,FALSE
794,2794,FALSE,TRUE,FALSE,TRUE,FALSE
795,2795,FALSE,FALSE,FALSE,FALSE,FALSE
796,2796,FALSE,FALSE,FALSE,FALSE,FALSE
797,2797,FALSE,TRUE,TRUE,TRUE,TRUE
798,2798,FALSE,FALSE,TRUE,FALSE,FALSE
799,2799,TRUE,FALSE,FALSE,FALSE,TRUE
800,2800,FALSE,FALSE,FALSE,FALSE,FALSE
801,2801,TRUE,TRUE,TRUE,TRUE,TRUE
802,2802,FALSE,TRUE,FALSE,FALSE,TRUE
803,2803,FALSE,TRUE,TRUE,TRUE,TRUE
804,2804,TRUE,TRUE,FALSE,FALSE,TRUE
805,2805,TRUE,TRUE,FALSE,FALSE,FALSE
806,2806,TRUE,TRUE,TRUE,FALSE,FALSE
807,2807,TRUE,FALSE,FALSE,FALSE,TRUE
808,2808,TRUE,FALSE,FALSE,FALSE,TRUE
809,2809,TRUE,FALSE,TRUE,TRUE,FALSE
810,2810,FALSE,FALSE,TRUE,TRUE,FALSE
811,2811,TRUE,TRUE,FALSE,FALSE,TRUE
812,2812,FALSE,TRUE,TRUE,TRUE,TRUE
813,2813,FALSE,FALSE,TRUE,TRUE,TRUE
814,2814,TRUE,TRUE,TRUE,TRUE,FALSE
815,2815,FALSE,FALSE,TRUE,TRUE,FALSE
816,2816,TRUE,TRUE,TRUE,FALSE,FALSE
817,2817,FALSE,TRUE,FALSE,TRUE,TRUE
818,2818,TRUE,TRUE,TRUE,FALSE,FALSE
819,2819,FALSE,FALSE,TRUE,TRUE,TRUE
820,2820,FALSE,FALSE,TRUE,TRUE,FALSE
821,2821,TRUE,FALSE,FALSE,FALSE,FALSE
822,2822,FALSE,FALSE,FALSE,FALSE,TRUE
823,2823,TRUE,TRUE,FALSE,FALSE,TRUE
824,2824,TRUE,FALSE,FALSE,FALSE,TRUE
825,2825,TRUE,TRUE,FALSE,TRUE,TRUE
826,2826,FALSE,FALSE,FALSE,TRUE,FALSE
827,2827,TRUE,TRUE,TRUE,FALSE,TRUE
828,2828,TRUE,TRUE,TRUE,FALSE,TRUE
829,2829,FALSE,TRUE,TRUE,FALSE,FALSE
830,2830,TRUE,FALSE,TRUE,FALSE,TRUE
831,2831,TRUE,FALSE,FALSE,FALSE,FALSE
832,2832,TRUE,TRUE,TRUE,TRUE,TRUE
833,2833,FALSE,TRUE,TRUE,FALSE,FALSE
834,2834,FALSE,TRUE,TRUE,TRUE,FALSE
835,2835,FALSE,TRUE,TRUE,FALSE,TRUE
836,2836,FALSE,FALSE,FALSE,FALSE,FALSE
837,2837,FALSE,FALSE,TRUE,FALSE,FALSE
838,2838,FALSE,TRUE,TRUE,FALSE,TRUE
839,2839,TRUE,FALSE,FALSE,TRUE,FALSE
840,2840,FALSE,FALSE,FALSE,FALSE,TRUE
841,2841,TRUE,FALSE,TRUE,TRUE,FALSE
842,2842,FALSE,FALSE,TRUE,TRUE,TRUE
843,2843,TRUE,TRUE,TRUE,FALSE,FALSE
844,2844,TRUE,TRUE,FALSE,FALSE,FALSE
845,2845,TRUE,FALSE,FALSE,FALSE,FALSE
846,2846,FALSE,FALSE,TRUE,FALSE,TRUE
847,2847,FALSE,FALSE,FALSE,FALSE,FALSE
848,2848,TRUE,FALSE,FALSE,FALSE,TRUE
849,2849,TRUE,TRUE,TRUE,FALSE,TRUE
850,2850,FALSE,TRUE,FALSE,FALSE,FALSE
851,2851,FALSE,TRUE,TRUE,FALSE,TRUE
852,2852,TRUE,FALSE,TRUE,TRUE,TRUE
853,2853,TRUE,TRUE,TRUE,TRUE,FALSE
854,2854,FALSE,TRUE,TRUE,TRUE,FALSE
855,2855,FALSE,TRUE,TRUE,TRUE,FALSE
856,2856,FALSE,TRUE,TRUE,FALSE,TRUE
857,2857,TRUE,TRUE,TRUE,TRUE,FALSE
858,2858,FALSE,FALSE,FALSE,TRUE,TRUE
859,2859,TRUE,TRUE,FALSE,FALSE,TRUE
860,2860,TRUE,FALSE,FALSE,TRUE,FALSE
861,2861,FALSE,FALSE,TRUE,FALSE,TRUE
862,2862,TRUE,TRUE,FALSE,FALSE,FALSE
863,2863,FALSE,TRUE,FALSE,TRUE,FALSE
864,2864,FALSE,TRUE,FALSE,TRUE,TRUE
865,2865,TRUE,FALSE,TRUE,FALSE,TRUE
866,2866,TRUE,TRUE,TRUE,FALSE,FALSE
867,2867,FALSE,TRUE,TRUE,TRUE,TRUE
868,2868,FALSE,FALSE,TRUE,TRUE,TRUE
869,2869,FALSE,FALSE,TRUE,TRUE,FALSE
870,2870,FALSE,FALSE,TRUE,FALSE,FALSE
871,2871,TRUE,TRUE,TRUE,FALSE,TRUE
872,2872,TRUE,TRUE,TRUE,FALSE,TRUE
873,2873,TRUE,FALSE,FALSE,TRUE,FALSE
874,2874,TRUE,FALSE,FALSE,FALSE,TRUE
875,2875,FALSE,FALSE,FALSE,TRUE,FALSE
876,2876,FALSE,FALSE,TRUE,FALSE,FALSE
877,2877,TRUE,FALSE,TRUE,FALSE,TRUE
878,2878,TRUE,FALSE,FALSE,FALSE,TRUE
879,2879,FALSE,FALSE,TRUE,FALSE,FALSE
880,2880,TRUE,TRUE,FALSE,FALSE,TRUE
881,2881,TRUE,FALSE,TRUE,TRUE,TRUE
882,2882,FALSE,TRUE,TRUE,TRUE,TRUE
883,2883,TRUE,FALSE,TRUE,FALSE,TRUE
884,2884,FALSE,FALSE,TRUE,TRUE,FALSE
885,2885,FALSE,FALSE,FALSE,TRUE,TRUE
886,2886,TRUE,FALSE,TRUE,TRUE,TRUE
887,2887,TRUE,TRUE,TRUE,FALSE,TRUE
888,2888,FALSE,FALSE,TRUE,TRUE,FALSE
889,2889,FALSE,FALSE,TRUE,TRUE,FALSE
890,2890,FALSE,TRUE,TRUE,FALSE,FALSE
891,2891,TRUE,TRUE,TRUE,FALSE,FALSE
892,2892,FALSE,TRUE,TRUE,TRUE,TRUE
893,2893,FALSE,TRUE,FALSE,FALSE,FALSE
894,2894,TRUE,FALSE,TRUE,TRUE,FALSE
895,2895,TRUE,TRUE,TRUE,TRUE,TRUE
896,2896,TRUE,FALSE,TRUE,FALSE,FALSE
897,2897,TRUE,TRUE,FALSE,FALSE,TRUE
898,2898,FALSE,FALSE,FALSE,FALSE,TRUE
899,2899,FALSE,FALSE,TRUE,FALSE,TRUE
900,2900,FALSE,TRUE,TRUE,FALSE,TRUE
901,2901,TRUE,FALSE,TRUE,FALSE,FALSE
902,2902,FALSE,TRUE,TRUE,FALSE,FALSE
903,2903,FALSE,FALSE,FALSE,FALSE,FALSE
904,2904,FALSE,FALSE,TRUE,TRUE,FALSE
905,2905,FALSE,TRUE,TRUE,FALSE,FALSE
906,2906,TRUE,TRUE,FALSE,FALSE,FALSE
907,2907,TRUE,TRUE,TRUE,TRUE,FALSE
908,2908,TRUE,TRUE,TRUE,TRUE,TRUE
909,2909,FALSE,FALSE,TRUE,FALSE,FALSE
910,2910,TRUE,FALSE,FALSE,FALSE,TRUE
911,2911,TRUE,FALSE,TRUE,FALSE,TRUE
912,2912,TRUE,TRUE,TRUE,TRUE,FALSE
913,2913,TRUE,TRUE,TRUE,TRUE,FALSE
914,2914,TRUE,FALSE,FALSE,TRUE,FALSE
915,2915,TRUE,FALSE,FALSE,FALSE,TRUE
916,2916,FALSE,FALSE,TRUE,TRUE,FALSE
917,2917,FALSE,TRUE,FALSE,FALSE,TRUE
918,2918,FALSE,TRUE,FALSE,TRUE,TRUE
919,2919,FALSE,FALSE,FALSE,TRUE,FALSE
920,2920,FALSE,TRUE,FALSE,TRUE,FALSE
921,2921,FALSE,TRUE,TRUE,FALSE,TRUE
922,2922,FALSE,FALSE,FALSE,TRUE,FALSE
923,2923,TRUE,FALSE,TRUE,TRUE,FALSE
924,2924,TRUE,FALSE,TRUE,TRUE,TRUE
925,2925,TRUE,FALSE,FALSE,FALSE,TRUE
926,2926,FALSE,FALSE,FALSE,FALSE,TRUE
927,2927,FALSE,TRUE,TRUE,FALSE,TRUE
928,2928,FALSE,FALSE,FALSE,TRUE,TRUE
929,2929,FALSE,TRUE,FALSE,FALSE,FALSE
930,2930,TRUE,FALSE,TRUE,FALSE,TRUE
931,2931,TRUE,FALSE,FALSE,FALSE,FALSE
932,2932,FALSE,TRUE,FALSE,FALSE,TRUE
933,2933,TRUE,TRUE,FALSE,FALSE,TRUE
934,2934,TRUE,FALSE,TRUE,TRUE,TRUE
935,2935,FALSE,FALSE,TRUE,FALSE,TRUE
936,2936,FALSE,FALSE,TRUE,FALSE,FALSE
937,2937,FALSE,TRUE,FALSE,TRUE,FALSE
938,2938,TRUE,TRUE,FALSE,TRUE,TRUE
939,2939,TRUE,TRUE,TRUE,TRUE,FALSE
940,2940,TRUE,TRUE,TRUE,TRUE,FALSE
941,2941,FALSE,FALSE,TRUE,FALSE,FALSE
942,2942,FALSE,TRUE,FALSE,FALSE,FALSE
943,2943,TRUE,TRUE,FALSE,FALSE,TRUE
944,2944,TRUE,TRUE,TRUE,TRUE,TRUE
945,2945,FALSE,TRUE,TRUE,FALSE,TRUE
946,2946,FALSE,FALSE,TRUE,FALSE,FALSE
947,2947,TRUE,TRUE,TRUE,TRUE,TRUE
948,2948,TRUE,FALSE,FALSE,TRUE,FALSE
949,2949,TRUE,FALSE,FALSE,TRUE,FALSE
950,2950,FALSE,TRUE,FALSE,TRUE,FALSE
951,2951,TRUE,FALSE,FALSE,FALSE,FALSE
952,2952,TRUE,FALSE,TRUE,FALSE,FALSE
953,2953,TRUE,FALSE,TRUE,FALSE,TRUE
954,2954,TRUE,TRUE,FALSE,TRUE,FALSE
955,2955,TRUE,TRUE,FALSE,FALSE,TRUE
956,2956,TRUE,FALSE,TRUE,FALSE,TRUE
957,2957,FALSE,FALSE,FALSE,TRUE,TRUE
958,2958,FALSE,TRUE,TRUE,FALSE,TRUE
959,2959,FALSE,FALSE,FALSE,FALSE,TRUE
960,2960,FALSE,FALSE,FALSE,FALSE,TRUE
961,2961,TRUE,FALSE,TRUE,TRUE,TRUE
962,2962,TRUE,TRUE,TRUE,FALSE,FALSE
963,2963,TRUE,FALSE,FALSE,FALSE,TRUE
964,2964,TRUE,FALSE,FALSE,FALSE,FALSE
965,2965,TRUE,TRUE,FALSE,TRUE,FALSE
966,2966,FALSE,FALSE,FALSE,TRUE,TRUE
967,2967,FALSE,TRUE,TRUE,FALSE,TRUE
968,2968,FALSE,FALSE,FALSE,FALSE,TRUE
969,2969,FALSE,TRUE,FALSE,TRUE,TRUE
970,2970,TRUE,FALSE,TRUE,FALSE,TRUE
971,2971,FALSE,TRUE,TRUE,TRUE,TRUE
972,2972,TRUE,TRUE,TRUE,FALSE,FALSE
973,2973,TRUE,FALSE,TRUE,TRUE,TRUE
974,2974,TRUE,FALSE,FALSE,FALSE,TRUE
975,2975,FALSE,FALSE,TRUE,TRUE,FALSE
976,2976,TRUE,TRUE,FALSE,TRUE,FALSE
977,2977,TRUE,TRUE,FALSE,FALSE,FALSE
978,2978,TRUE,TRUE,TRUE,TRUE,FALSE
979,2979,FALSE,TRUE,FALSE,FALSE,FALSE
980,2980,TRUE,FALSE,TRUE,FALSE,FALSE
981,2981,FALSE,FALSE,FALSE,TRUE,TRUE
982,2982,TRUE,FALSE,TRUE,FALSE,TRUE
983,2983,FALSE,FALSE,FALSE,TRUE,FALSE
984,2984,FALSE,TRUE,TRUE,TRUE,FALSE
985,2985,FALSE,FALSE,FALSE,TRUE,TRUE
986,2986,FALSE,TRUE,FALSE,TRUE,TRUE
987,2987,TRUE,FALSE,FALSE,TRUE,FALSE
988,2988,TRUE,TRUE,TRUE,FALSE,FALSE
989,2989,TRUE,FALSE,TRUE,TRUE,TRUE
990,2990,FALSE,FALSE,FALSE,TRUE,TRUE
991,2991,TRUE,FALSE,TRUE,TRUE,TRUE
992,2992,TRUE,FALSE,FALSE,FALSE,TRUE
993,2993,TRUE,FALSE,FALSE,TRUE,TRUE
994,2994,TRUE,TRUE,FALSE,TRUE,FALSE
995,2995,FALSE,FALSE,TRUE,FALSE,FALSE
996,2996,FALSE,TRUE,FALSE,TRUE,FALSE
997,2997,FALSE,FALSE,FALSE,TRUE,FALSE
998,2998,TRUE,TRUE,TRUE,TRUE,TRUE
999,2999,FALSE,TRUE,TRUE,TRUE,FALSE
1000,3000,FALSE,FALSE,TRUE,FALSE,FALSE
